"url";"name";"address";"district";"gps"
"http://www.paris-soiree.fr/discotheque-le_thermidor_-214";"Le Thermidor";"2 rue Croix des Petits Champs";1;"48.8623252/2.3393653"
"http://www.paris-soiree.fr/discotheque-le_scop_club-60";"Le Scop Club";"5 avenue de l'Opéra";1;"48.8647875/2.3346137"
"http://www.paris-soiree.fr/discotheque-sunset_sunside-61";"Sunset Sunside";"60 rue des lombards";1;"48.8598564/2.3477249"
"http://www.paris-soiree.fr/discotheque-voutes_saint_honore-62";"Voutes Saint Honoré";"99 rue Saint Honoré";1;"48.8613163/2.3430206"
"http://www.paris-soiree.fr/discotheque-bar_3-87";"Bar 3";"3, rue de l'Ancienne Comédie";1;"48.8534529/2.338545"
"http://www.paris-soiree.fr/discotheque-stonewall-207";"Stonewall";"46 rue des Lombards";1;"48.8597051/2.3483832"
"http://www.paris-soiree.fr/discotheque-guinness_tavern-211";"Guinness Tavern";"31 bis rue des Lombards";1;"48.8595655/2.3486389"
"http://www.paris-soiree.fr/discotheque-le_klub-198";"Le Klub";"14 rue Saint-Denis";1;"48.935773/2.3580232"
"http://www.paris-soiree.fr/discotheque-cab-202";"Cab";"2 place du palais royal";1;"48.8624056/2.33726"
"http://www.paris-soiree.fr/discotheque-le_kent_z_-216";"Le Kent'z";"2-4 rue Vauvilliers";1;"48.8619458/2.3434451"
"http://www.paris-soiree.fr/discotheque-le_bar_du_palmier_-236";"Le bar du palmier";"16 rue Lombards";1;NA
"http://www.paris-soiree.fr/discotheque-la_maison_rouge-346";"La Maison Rouge";"1 Route de Maison Rouge";1;NA
"http://www.paris-soiree.fr/discotheque-salons_du_louvre-59";"Salons du Louvre";"66 rue Jean-Jacques Rousseau";1;"48.8642259/2.3440177"
"http://www.paris-soiree.fr/discotheque-rexy-58";"Rexy";"9 rue de la Grande Truanderie";1;"48.8627275/2.3492326"
"http://www.paris-soiree.fr/discotheque-le_1979-12";"Le 1979";"49 rue Berger";1;"48.8621955/2.3421298"
"http://www.paris-soiree.fr/discotheque-banana_cafe-13";"Banana Café";"13, rue de la Ferronnerie";1;"48.8602898/2.3473292"
"http://www.paris-soiree.fr/discotheque-chacha_club-15";"Chacha Club";"47 rue Berger";1;"48.862131/2.3424115"
"http://www.paris-soiree.fr/discotheque-vip_room-19";"VIP Room";"188 bis rue de Rivoli";1;"48.860395/2.3423302"
"http://www.paris-soiree.fr/discotheque-espace_madeleine-51";"Espace Madeleine";"11 rue Duphot";1;"48.8681099/2.3255903"
"http://www.paris-soiree.fr/discotheque-hideout_chatelet-52";"Hideout Chatelet";"46 rue des Lombards";1;"48.8597051/2.3483832"
"http://www.paris-soiree.fr/discotheque-i_love_opera-53";"I Love Opéra";"29 bis avenue de lopéra";1;"48.8658268/2.3343706"
"http://www.paris-soiree.fr/discotheque-l_alternative-54";"L alternative";"5 rue Moliere";1;"48.8648657/2.3355736"
"http://www.paris-soiree.fr/discotheque-le_baiser_sale-55";"Le Baiser Salé";"58 rue des lombards";1;"48.8598395/2.3478001"
"http://www.paris-soiree.fr/discotheque-le_magnifique-56";"Le Magnifique";"25 rue richelieu";1;"48.3950713/-4.4750829"
"http://www.paris-soiree.fr/discotheque-paris_paris-57";"Paris Paris";"5 avenue de l opera";1;NA
"http://www.paris-soiree.fr/discotheque-le_blok_paris-347";"Le Blok Paris";"33 bis rue des Lombards";1;"48.8595655/2.3486389"
"http://www.paris-soiree.fr/discotheque-bizen-8";"Bizen";"111 rue Réaumur";2;"48.8681361/2.3433222"
"http://www.paris-soiree.fr/discotheque-harry_s_new_york_bar-226";"Harry's New York Bar";"5 rue Daunou";2;"48.8691942/2.3321035"
"http://www.paris-soiree.fr/discotheque-la_paloma-224";"La paloma";"13 rue Tiquetonne";2;"48.8645488/2.3489091"
"http://www.paris-soiree.fr/discotheque-mkp_opera_-222";"MKP Opera";"4 rue Daunou";2;"48.8693141/2.3323713"
"http://www.paris-soiree.fr/discotheque-les_cariatides_-221";"Les Cariatides";"3 rue Palestro";2;"48.8660386/2.3519725"
"http://www.paris-soiree.fr/discotheque-la_belle_epoque-341";"La Belle Epoque";"36 Rue Des Petits Champs";2;"48.8671365/2.3355191"
"http://www.paris-soiree.fr/discotheque-le_grand_rex-331";"Le Grand Rex";"1 Boulevard Poissonnière";2;"48.8705535/2.3477496"
"http://www.paris-soiree.fr/discotheque-vendome_club-342";"Vendome Club";"9 Rue Daunou";2;"48.8693738/2.3318451"
"http://www.paris-soiree.fr/discotheque-truskel-70";"Truskel";"12 rue Feydeau";2;"48.8700715/2.3413334"
"http://www.paris-soiree.fr/discotheque-somo_bar-69";"Somo Bar";"168 rue Montmartre";2;"48.8867054/2.3415715"
"http://www.paris-soiree.fr/discotheque-social_club-68";"Social Club";"142, rue Montmartre";2;"48.8688839/2.3433978"
"http://www.paris-soiree.fr/discotheque-le_rex_club-67";"Le Rex Club";"5 boulevard Poissonnière";2;"48.8706315/2.3472624"
"http://www.paris-soiree.fr/discotheque-press_cafe-66";"Press Café";"89 rue montmartre";2;"48.8867054/2.3415715"
"http://www.paris-soiree.fr/discotheque-le_next-65";"Le Next";"17 rue Tiquetonne";2;"48.8646265/2.3485671"
"http://www.paris-soiree.fr/discotheque-la_serena-64";"La Serena";"92 rue de Richelieu";2;"48.8703461/2.3393511"
"http://www.paris-soiree.fr/discotheque-corcoran_s__grands_boulevards_-63";"Corcoran s (Grands Boulevards)";"23 boulevard Poissonnière";2;"48.8711453/2.3441652"
"http://www.paris-soiree.fr/discotheque-players-20";"Players";"161 rue montmartre";2;"48.8867054/2.3415715"
"http://www.paris-soiree.fr/discotheque-com_antes-10";"Com'antes";"4, rue Saint Sauveur";2;"48.8658453/2.3499293"
"http://www.paris-soiree.fr/discotheque-jazz_cartoon_-227";"Jazz Cartoon";"138 rue Montmartre";2;"48.8867054/2.3415715"
"http://www.paris-soiree.fr/discotheque-les_arches_du_marais-71";"Les Arches du Marais";"11 rue Braque";3;NA
"http://www.paris-soiree.fr/discotheque-blue_square-73";"Blue Square";"8 rue Brantôme";3;"48.8617957/2.3528551"
"http://www.paris-soiree.fr/discotheque-massage_cafe-74";"Massage Café";"153 rue Saint-Martin";3;"48.8619698/2.3517276"
"http://www.paris-soiree.fr/discotheque-le_champmesle-229";"Le champmesle";"4 rue Chabanais";3;"48.8671666/2.3367963"
"http://www.paris-soiree.fr/discotheque-le_depot_-231";"Le dépôt";"10 rue Ours";3;NA
"http://www.paris-soiree.fr/discotheque-l_anthracite-75";"L'Anthracite";"20 rue de la Reynie";4;"48.8600641/2.3496393"
"http://www.paris-soiree.fr/discotheque-le_scarron-76";"Le Scarron";"3 Rue Geoffroy L'angevin";4;"48.8605552/2.3544304"
"http://www.paris-soiree.fr/discotheque-mixer_bar-77";"Mixer Bar";"23 rue Sainte Croix de la Bretonnerie";4;"48.8583514/2.3555825"
"http://www.paris-soiree.fr/discotheque-the_pure_bar-233";"The Pure Bar";"4 rue Caron";4;"48.8550361/2.362647"
"http://www.paris-soiree.fr/discotheque-the_auld_alliance_-234";"The Auld Alliance";"80 rue François Miron";4;"48.855354/2.3591217"
"http://www.paris-soiree.fr/discotheque-les_souffleurs_-239";"Les souffleurs";"7 rue de la Verrerie";4;"48.8570994/2.3551168"
"http://www.paris-soiree.fr/discotheque-okawa-241";"Okawa";"40, rue Vieille du Temple";4;"48.8578391/2.3578675"
"http://www.paris-soiree.fr/discotheque-flag_cafe_-242";"Flag Café";"5 boulevard Beaumarchais";4;"48.854205/2.3686256"
"http://www.paris-soiree.fr/discotheque-chez_felix-78";"Chez Félix";"23 rue Mouffetard";5;"48.8441554/2.3493669"
"http://www.paris-soiree.fr/discotheque-le_bateau_ivre_-266";"Le Bateau Ivre";"40 rue Descartes";5;"48.8456688/2.3490989"
"http://www.paris-soiree.fr/discotheque-le_crocodile-263";"Le crocodile";"6 rue Royer Collard";5;"48.8457328/2.3421373"
"http://www.paris-soiree.fr/discotheque-le_pub_saint_michel_-261";"Le pub saint michel";"19 quai St Michel";5;"48.8533542/2.3454662"
"http://www.paris-soiree.fr/discotheque-le_pub_saint_hilaire_-258";"Le pub saint hilaire";"2 rue Valette";5;"48.8480822/2.3469613"
"http://www.paris-soiree.fr/discotheque-le_requin_chagrin_-253";"Le requin chagrin";"10 rue Mouffetard";5;"48.8445916/2.3491648"
"http://www.paris-soiree.fr/discotheque-pop_corner-252";"Pop Corner";"16 rue Bernardins";5;NA
"http://www.paris-soiree.fr/discotheque-the_shebeen-250";"The Shebeen";"16 rue Pot de Fer";5;NA
"http://www.paris-soiree.fr/discotheque-taverne_de_cluny-249";"Taverne de Cluny";"51 rue Harpe";5;"48.8527645/2.3446089"
"http://www.paris-soiree.fr/discotheque-teddy_s_bar_-247";"Teddy's Bar";"3 rue Thouin";5;"48.8450006/2.3494675"
"http://www.paris-soiree.fr/discotheque-the_bombardier_-245";"The Bombardier";"2 place panthéon";5;"48.8469773/2.34435773332524"
"http://www.paris-soiree.fr/discotheque-le_theoz_bar_-244";"Le Théoz Bar";"26 rue Parcheminerie";5;"48.8514415/2.3457235"
"http://www.paris-soiree.fr/discotheque-babylon_club-200";"Babylon Club";"8, rue des Anglais";5;"48.8507496/2.3476393"
"http://www.paris-soiree.fr/discotheque-cap_rouge-191";"Cap Rouge";"23 rue Mouffetard";5;"48.8441554/2.3493669"
"http://www.paris-soiree.fr/discotheque-le_saint-81";"Le Saint";"7 Rue Saint-Séverin";5;"48.8524008/2.3451624"
"http://www.paris-soiree.fr/discotheque-le_romeo-80";"Le Romeo";"71 boulevard Saint-Germain";5;"48.8507653/2.3451526"
"http://www.paris-soiree.fr/discotheque-la_pomme_d__eve-79";"La Pomme d' Eve";"1 rue Laplace";5;"41.702506/2.8491893"
"http://www.paris-soiree.fr/discotheque-hurling_pub-268";"Hurling Pub";"8 rue Descartes";5;"48.8471401/2.3485991"
"http://www.paris-soiree.fr/discotheque-les_quatre_vents-83";"Les Quatre Vents";"18 rue des quatre vents";6;"48.8517937/2.3375388"
"http://www.paris-soiree.fr/discotheque-le_pousse_au_crime-278";"Le pousse au crime";"15 rue Guisarde";6;"48.8518595/2.3345205"
"http://www.paris-soiree.fr/discotheque-le_mabillon-280";"Le Mabillon";"164 boulevard St Germain";6;"48.8533114/2.3357607"
"http://www.paris-soiree.fr/discotheque-le_bob_cool_-281";"Le Bob cool";"15 rue Grands Augustin";6;NA
"http://www.paris-soiree.fr/discotheque-au_sai_sai_-282";"Au Saï Saï";"4, rue Sainte Beuve";6;"48.8442373/2.3297618"
"http://www.paris-soiree.fr/discotheque-cavern-283";"Cavern";"21 rue Dauphine";6;"48.8551994/2.3398125"
"http://www.paris-soiree.fr/discotheque-fubar_-284";"Fubar";"5 rue St Sulpice";6;"48.8514857/2.3379094"
"http://www.paris-soiree.fr/discotheque-l_escale-285";"L'Escale";"15 rue Monsieur le Prince";6;"48.8512506/2.3393829"
"http://www.paris-soiree.fr/discotheque-l_urgence_bar_-286";"L'Urgence Bar";"45 rue Monsieur le Prince";6;"48.849561/2.3402116"
"http://www.paris-soiree.fr/discotheque-la_grimace-287";"La Grimace";"60 rue Mazarine";6;"48.8546531/2.3379253"
"http://www.paris-soiree.fr/discotheque-le_purgatoire_-276";"Le Purgatoire";"14 rue Hautefeuille";6;"48.7659739/2.9674444"
"http://www.paris-soiree.fr/discotheque-le_purdey_-274";"Le Purdey";"11 rue Guisarde";6;"48.8518877/2.3345589"
"http://www.paris-soiree.fr/discotheque-l__alcazar-84";"L' Alcazar";"62 rue Mazarine";6;"48.8545266/2.3379845"
"http://www.paris-soiree.fr/discotheque-wagg-85";"Wagg";"62 rue Mazarine";6;"48.8545266/2.3379845"
"http://www.paris-soiree.fr/discotheque-cafe_du_metro-88";"Café du métro";"67 rue de Rennes";6;"48.8514141/2.3311387"
"http://www.paris-soiree.fr/discotheque-cafe_medicis-89";"Café Médicis";"19 rue de vaugirard";6;"48.8489002/2.3340735"
"http://www.paris-soiree.fr/discotheque-le_theatre_st_germain__-90";"LE THEATRE ST GERMAIN";"2 rue du Sabot";6;"48.8530169/2.3313456"
"http://www.paris-soiree.fr/discotheque-o_mantra-91";"O Mantra";"7 rue Grégoire de Tours";6;"48.8533605/2.3379377"
"http://www.paris-soiree.fr/discotheque-peniche_la_balle_au_bond-92";"Péniche La Balle au Bond";"Quai Malaquais";6;"48.8578211/2.3354466"
"http://www.paris-soiree.fr/discotheque-next_one-195";"Next One";"15 bis rue Bernard Palissy";6;NA
"http://www.paris-soiree.fr/discotheque-the_highlander_-269";"The Highlander";"8 rue Nevers";6;"48.855998/2.3398373"
"http://www.paris-soiree.fr/discotheque-la_rhumerie_-288";"La Rhumerie";"166 boulevard St Germain";6;"48.853429/2.335553"
"http://www.paris-soiree.fr/discotheque-chez_francoise-94";"Chez Françoise";"Esplanade des Invalides";7;"48.8598983/2.314402"
"http://www.paris-soiree.fr/discotheque-concorde_atlantique-95";"Concorde Atlantique";"Port Solferino - 23, Quai Anatole France";7;NA
"http://www.paris-soiree.fr/discotheque-bar_ephemere-96";"Bar Ephemere";"Port de Suffren";7;"48.85719365/2.28973839087831"
"http://www.paris-soiree.fr/discotheque-maxim_s_sur_seine-97";"Maxim's sur seine";"PORT DE SUFFREN";7;"48.85719365/2.28973839087831"
"http://www.paris-soiree.fr/discotheque-peniche_le_quai-98";"Péniche Le Quai";"5 quai Anatole France";7;"48.8597201/2.3284549"
"http://www.paris-soiree.fr/discotheque-peniche_louisiane_belle-99";"Péniche Louisiane Belle";"Port de Suffren";7;"48.85719365/2.28973839087831"
"http://www.paris-soiree.fr/discotheque-ramses_club-100";"Ramses Club";"10 rue des Saint Pères";7;NA
"http://www.paris-soiree.fr/discotheque-saint_peres-101";"Saint Pères";"10 Rue des Saints-P'e8res";7;NA
"http://www.paris-soiree.fr/discotheque-salons_des_vedettes-189";"Salons des Vedettes";"Port de suffren";7;"48.85719365/2.28973839087831"
"http://www.paris-soiree.fr/discotheque-la_maison_blanche-311";"La Maison Blanche";"15 avenue Montaigne";8;"48.8656628/2.3032832"
"http://www.paris-soiree.fr/discotheque-le_black_calavados-203";"Le Black Calavados";"40 avenue Pierre 1er de Serbie";8;"48.8680029/2.3005538"
"http://www.paris-soiree.fr/discotheque-le_queen-45";"Le Queen";"102 avenue des Champs Elysées";8;"48.8733764/2.2965279"
"http://www.paris-soiree.fr/discotheque-le_matignon-343";"Le Matignon";"3 AVENUE MATIGNON";8;"48.8697396/2.3111625"
"http://www.paris-soiree.fr/discotheque-le_regine_s-49";"Le Régine's";"51 rue de Ponthieu";8;"48.8717566/2.3059317"
"http://www.paris-soiree.fr/discotheque-le_hobo_club-48";"Le Hobo Club";"67 rue Pierre Charron";8;"48.8702181/2.3044733"
"http://www.paris-soiree.fr/discotheque-le_sens-47";"Le Sens";"23 rue de Ponthieu";8;"48.8707419/2.3092677"
"http://www.paris-soiree.fr/discotheque-renoma_cafe_gallery-46";"Renoma Café Gallery";"45 rue Pierre Charon";8;NA
"http://www.paris-soiree.fr/discotheque-le_baron-35";"Le Baron";"6 Avenue Marceau";8;"48.8656372/2.3000834"
"http://www.paris-soiree.fr/discotheque-la_suite-344";"La Suite";"59, rue de Ponthieu";8;"48.8721195/2.3049193"
"http://www.paris-soiree.fr/discotheque-palace_elysee-43";"Palace Elysée";"20 rue Quentin-Bauchart";8;"48.8705072/2.3019336"
"http://www.paris-soiree.fr/discotheque-virgin_mega_store_des_champs_elysees_-50";"Virgin Mega Store des champs-Elysées";"52 avenue des Champs-Elysées";8;"48.8707106/2.3061618"
"http://www.paris-soiree.fr/discotheque-le_no_comment-336";"Le No Comment";"36 rue de Ponthieu";8;"48.8712121/2.3080951"
"http://www.paris-soiree.fr/discotheque-le_mathis_bar-340";"Le Mathis Bar";"3, rue de Ponthieu";8;"48.8700755/2.3113257"
"http://www.paris-soiree.fr/discotheque-chez_papillon-339";"Chez Papillon";"49 rue de Ponthieu";8;"48.8716986/2.3061152"
"http://www.paris-soiree.fr/discotheque-elysee_lounge-349";"ELYSEE LOUNGE";"3, Rue des Saussaies";8;"48.8712174/2.316966"
"http://www.paris-soiree.fr/discotheque-le_raspoutine-338";"Le Raspoutine";"58, rue de Bassano";8;"48.8715085/2.3001649"
"http://www.paris-soiree.fr/discotheque-l_ecluse-294";"L'Ecluse";"64 rue François 1er";8;"48.870049/2.3016717"
"http://www.paris-soiree.fr/discotheque-purple_bar_-291";"Purple Bar";"51 rue Courcelles";8;"48.0961861/2.3172437"
"http://www.paris-soiree.fr/discotheque-the_bowler_-290";"The Bowler";"13 rue Artois";8;NA
"http://www.paris-soiree.fr/discotheque-the_freedom-289";"The Freedom";"8 rue de Berri";8;"48.8722665/2.3040099"
"http://www.paris-soiree.fr/discotheque-neo_club-42";"Neo Club";"23 rue de Ponthieu";8;"48.8707419/2.3092677"
"http://www.paris-soiree.fr/discotheque-mood-41";"Mood";"114 avenue des Champs Elys'e9es";8;NA
"http://www.paris-soiree.fr/discotheque-le_montecristo-40";"Le Montecristo";"68 avenue des Champs Elysées";8;"48.8709106/2.3051658"
"http://www.paris-soiree.fr/discotheque-culture_biere-28";"Culture Bière";"65 avenue des Champs Elysées";8;"48.8705123/2.304204"
"http://www.paris-soiree.fr/discotheque-crystal_lounge-27";"Crystal Lounge";"51 rue de Ponthieu";8;"48.8717566/2.3059317"
"http://www.paris-soiree.fr/discotheque-le_coliseum-26";"Le Coliseum";"59 bis rue de Ponthieu";8;"48.8714127/2.3073081"
"http://www.paris-soiree.fr/discotheque-club_79-25";"Club 79";"22, rue Quentin Bauchard";8;NA
"http://www.paris-soiree.fr/discotheque-cantine_du_faubourg-24";"Cantine du Faubourg";"105 rue du Faubourg Saint-Honoré";8;"48.8724514/2.3114773"
"http://www.paris-soiree.fr/discotheque-le_buddha_bar-23";"Le Buddha Bar";"8 rue Boissy d'Anglas";8;"48.8681/2.3214569"
"http://www.paris-soiree.fr/discotheque-le_carre_washington-22";"Le Carré Washington";"5 rue de Berri";8;"48.8720198/2.3031735"
"http://www.paris-soiree.fr/discotheque-le_madam-9";"Le MadaM";"128 rue la Boétie";8;"48.8709551/2.305982"
"http://www.paris-soiree.fr/discotheque-espace_pierre_cardin-29";"Espace Pierre Cardin";"1 avenue Gabriel";8;"48.8674937/2.3187387"
"http://www.paris-soiree.fr/discotheque-garden_club-30";"Garden Club";"4 rue Arsene Houssaye";8;"48.8735972/2.2981353"
"http://www.paris-soiree.fr/discotheque-le_milliardaire-39";"Le Milliardaire";"68 rue Pierre Charron";8;"48.8699612/2.3044148"
"http://www.paris-soiree.fr/discotheque-le_maxim__s-38";"Le Maxim' s";"3 rue Royale";8;"48.8673013/2.322251"
"http://www.paris-soiree.fr/discotheque-les_planches-37";"Les Planches";"40 rue du Colisée";8;"48.8716384/2.3109127"
"http://www.paris-soiree.fr/discotheque-le_showcase-36";"Le Showcase";"Port des Champs Elysées";8;"48.8642094/2.31355191387938"
"http://www.paris-soiree.fr/discotheque-l_asian-34";"L'Asian";"30 avenue George V";8;"48.8681112/2.3014721"
"http://www.paris-soiree.fr/discotheque-ice_baar-33";"Ice Baar";"41 rue Marbeuf";8;"48.8697978/2.3056017"
"http://www.paris-soiree.fr/discotheque-le_hustler_club-32";"Le Hustler Club";"15 rue de Berri";8;"48.8725641/2.3042711"
"http://www.paris-soiree.fr/discotheque-grand_palais-31";"Grand Palais";"Avenue Winston Churchill";8;"48.8675162/2.3139892"
"http://www.paris-soiree.fr/discotheque-le_1515-18";"Le 1515";"34 rue Marbeuf";8;"48.8694316/2.3052163"
"http://www.paris-soiree.fr/discotheque-le_culture_hall-194";"Le Culture Hall";"8 boulevard de la Madeleine";9;"48.8699519/2.3268245"
"http://www.paris-soiree.fr/discotheque-bar_club_cafe_grevin-353";"Bar Club Cafe Grevin";"8 Boulevard Montmartre 75009 PARIS";9;"48.8717873/2.342236"
"http://www.paris-soiree.fr/discotheque-pirat_tavern_-297";"Pirat'Tavern";"63 rue Jean Baptiste Pigalle";9;"48.8811334/2.3359474"
"http://www.paris-soiree.fr/discotheque-le_vogue_-298";"Le Vogue";"25 boulevard Poissonnière";9;"48.8711993/2.3438593"
"http://www.paris-soiree.fr/discotheque-le_moloko-299";"Le Moloko";"26 rue Fontaine";9;"48.8139614/2.4508449"
"http://www.paris-soiree.fr/discotheque-le_depanneur_lounge_-300";"Le dépanneur lounge";"27 rue pierre fontaine";9;"48.8824435/2.3334001"
"http://www.paris-soiree.fr/discotheque-louna_park_cafe_-301";"Louna park Café";"75 bis boulevard de Clichy";9;"48.8824814/2.3376853"
"http://www.paris-soiree.fr/discotheque-cockney_tavern_pub_de_montmartre-302";"Cockney Tavern'Pub de Montmartre";"39, boulevard Clichy";9;"48.8995516/2.3052237"
"http://www.paris-soiree.fr/discotheque-l_embuscade_-303";"L'embuscade";"47 rue de La Rochefoucauld";9;"48.8800651/2.3351358"
"http://www.paris-soiree.fr/discotheque-theatre_mogador-315";"Théatre Mogador";"25 rue de Mogador";9;"48.8753635/2.3312348"
"http://www.paris-soiree.fr/discotheque-le_clipperton-309";"Le Clipperton";"4, rue Rougemont";9;"48.8714583/2.3459325"
"http://www.paris-soiree.fr/discotheque-le_club_haussman-197";"Le Club Haussman";"23 rue Taitbout";9;"48.8731241/2.3352724"
"http://www.paris-soiree.fr/discotheque-salons_des_miroirs-112";"Salons des Miroirs";"13 passage Jouffroy";9;"48.8718388/2.3419187"
"http://www.paris-soiree.fr/discotheque-barramundi-102";"Barramundi";"3, rue Taitbout";9;"48.8719458/2.3362366"
"http://www.paris-soiree.fr/discotheque-bus_palladium-103";"Bus Palladium";"6 rue pierre fontaine";9;"48.8807709/2.3349113"
"http://www.paris-soiree.fr/discotheque-cafe_carmen-104";"Café Carmen";"34 Rue Duperré";9;"48.8820437/2.3342164"
"http://www.paris-soiree.fr/discotheque-casino_de_paris-105";"Casino de Paris";"16 rue de Clichy";9;"48.8783731/2.3300574"
"http://www.paris-soiree.fr/discotheque-chez_moune-106";"Chez Moune";"54 rue Jean Baptiste Pigalle";9;"48.8809872/2.3359307"
"http://www.paris-soiree.fr/discotheque-folie_s_pigalle-107";"Folie's Pigalle";"11 place Pigalle";9;"48.8820095/2.3369546"
"http://www.paris-soiree.fr/discotheque-hammam_club-108";"Hammam Club";"94 rue d'Amsterdam";9;"48.8822945/2.327206"
"http://www.paris-soiree.fr/discotheque-hard_rock_cafe_-109";"Hard Rock Café";"14 boulevard Montmartre";9;"48.8718967/2.3415625"
"http://www.paris-soiree.fr/discotheque-olympia-110";"Olympia";"28 boulevard des Capucines";9;"48.8702443/2.3283595"
"http://www.paris-soiree.fr/discotheque-le_palace_privilege-316";"Le Palace Privilege";"8 rue du Faubourg Montmartre";9;"48.8721515/2.3432919"
"http://www.paris-soiree.fr/discotheque-l_alhambra-113";"L'Alhambra";"21 rue Yves Toudic";10;"48.8706469/2.3630889"
"http://www.paris-soiree.fr/discotheque-bizz_art_club-305";"Bizz'art Club";"167 quai de Valmy";10;"48.8790612/2.3664752"
"http://www.paris-soiree.fr/discotheque-zoco_bar_-304";"Zoco bar";"22 avenue Claude Vellfaux";10;NA
"http://www.paris-soiree.fr/discotheque-tapis_rouge-125";"Tapis Rouge";"67 rue du Faubourg Saint-Martin";10;"48.8719729/2.3571654"
"http://www.paris-soiree.fr/discotheque-point_ephemere_-124";"Point Ephémère";"200 quai de Valmy";10;"48.8815009/2.3685984"
"http://www.paris-soiree.fr/discotheque-new_morning-123";"New Morning";"7 rue des Petites Ecuries";10;"48.8730035/2.3534809"
"http://www.paris-soiree.fr/discotheque-la_tipica-122";"La Tipica";"151 quai de Valmy";10;"48.8778875/2.3654632"
"http://www.paris-soiree.fr/discotheque-l_etage-120";"L'Etage";"77 rue du Faubourg du Temple";10;"48.8702055/2.3714742"
"http://www.paris-soiree.fr/discotheque-globo-119";"Globo";"8 boulevard de Strasbourg";10;"48.8701408/2.3549354"
"http://www.paris-soiree.fr/discotheque-espace_jemmapes-118";"Espace Jemmapes";"116 quai de Jemmapes";10;"48.8748543/2.3637888"
"http://www.paris-soiree.fr/discotheque-delaville_cafe-117";"Delaville Café";"34 boulevard Bonne Nouvelle";10;"48.8670566/2.350124943523"
"http://www.paris-soiree.fr/discotheque-comedy_club-116";"Comedy Club";"42, boulevard Bonne Nouvelle";10;NA
"http://www.paris-soiree.fr/discotheque-cafe_a-115";"Café A";"148-154, rue du Faubourg Saint Martin";10;"48.8733171/2.358063"
"http://www.paris-soiree.fr/discotheque-le_bizz_art-114";"Le Bizz Art";"167 quai de Valmy";10;"48.8790612/2.3664752"
"http://www.paris-soiree.fr/discotheque-la_java_-306";"La Java";"105 rue Fbg du Temple";10;NA
"http://www.paris-soiree.fr/discotheque-l_alimentation_generale_-126";"L'Alimentation Générale";"64 rue Jean Pierre Timbaud";11;"48.8667946/2.37435"
"http://www.paris-soiree.fr/discotheque-l_entre_potes-259";"L'entre-potes";"14 rue Charonne";11;"48.8562189/2.40489475344955"
"http://www.paris-soiree.fr/discotheque-cithea-260";"Cithéa";"114 rue Oberkampf";11;"48.8659834/2.3791601"
"http://www.paris-soiree.fr/discotheque-le_2_steps_cafe-262";"Le 2 Steps Café";"117 rue Saint Maur";11;"48.8662965/2.3766716"
"http://www.paris-soiree.fr/discotheque-la_merenda-264";"La merenda";"32 rue Charonne";11;"48.8562189/2.40489475344955"
"http://www.paris-soiree.fr/discotheque-satellit_cafe-265";"Satellit café";"44 rue Folie Méricourt";11;"48.86737955/2.37342304122208"
"http://www.paris-soiree.fr/discotheque-le_carbet-267";"Le carbet";"115 rue saint-maur";11;"48.8661234/2.3768209"
"http://www.paris-soiree.fr/discotheque-le_bar_sans_nom-270";"Le bar sans nom";"49 rue Lappe";11;"48.8537325/2.3726362"
"http://www.paris-soiree.fr/discotheque-le_petit_baiona-271";"Le petit baiona";"90 rue de Charonne";11;"48.8537814/2.381805"
"http://www.paris-soiree.fr/discotheque-le_sanz_sans-272";"Le Sanz Sans";"49 rue Faubourg St Antoine";11;"46.3123636/4.8353959"
"http://www.paris-soiree.fr/discotheque-le_trucmush-273";"Le trucmush";"5 passage Thiéré";11;"48.8535364/2.3745159"
"http://www.paris-soiree.fr/discotheque-le_zero_zero-275";"Le zero zero";"89 rue Amelot";11;"48.8604793/2.3678362"
"http://www.paris-soiree.fr/discotheque-les_furieux-277";"Les furieux";"74 rue Roquette";11;"48.85730505/2.38121525761783"
"http://www.paris-soiree.fr/discotheque-megalo_bar-279";"Megalo bar";"6 rue Lappe";11;"48.8537325/2.3726362"
"http://www.paris-soiree.fr/discotheque-l_objectif_lune-292";"L'objectif lune";"19 rue Roquette";11;"48.85730505/2.38121525761783"
"http://www.paris-soiree.fr/discotheque-pop_in-295";"Pop in";"105 rue Amelot";11;"48.8614116/2.3675537"
"http://www.paris-soiree.fr/discotheque-que_pasa-296";"Que pasa";"3 rue Lappe";11;"48.8537325/2.3726362"
"http://www.paris-soiree.fr/discotheque-caveau_du_sister_may_-308";"Caveau du Sister may";"25 rue Lappe";11;NA
"http://www.paris-soiree.fr/discotheque-la_caravane-257";"La caravane";"35 rue Fontaine au Roi";11;NA
"http://www.paris-soiree.fr/discotheque-cuba_compagnie_cafe__bastille_-201";"Cuba Compagnie Café (Bastille)";"48, boulevard Beaumarchais";11;"48.8571393/2.3684264"
"http://www.paris-soiree.fr/discotheque-le_panic_room-328";"Le Panic Room";"101 Rue Amelot";11;"48.8612458/2.3676234"
"http://www.paris-soiree.fr/discotheque-in_out-345";"IN OUT";"241 Rue du Fbg St antoine";11;NA
"http://www.paris-soiree.fr/discotheque-balajo-127";"Balajo";"9, rue de Lappe";11;"48.8540074/2.3721448"
"http://www.paris-soiree.fr/discotheque-bataclan-128";"Bataclan";"50, Boulevard Voltaire";11;"48.8631169/2.3708919"
"http://www.paris-soiree.fr/discotheque-cafe_de_la_plage-129";"Café de La Plage";"59 rue de Charonne";11;"48.8534222/2.3793242"
"http://www.paris-soiree.fr/discotheque-caves_saint_sabin-130";"Caves Saint-Sabin";"50 rue Saint-Sabin";11;"48.8585908/2.3690972"
"http://www.paris-soiree.fr/discotheque-favela_chic-131";"Favela Chic";"18 rue du Faubourg du Temple";11;"48.8683233/2.3660938"
"http://www.paris-soiree.fr/discotheque-gibus-132";"Gibus";"18 rue du Faubourg du Temple";11;"48.8683233/2.3660938"
"http://www.paris-soiree.fr/discotheque-international-133";"International";"5 rue Moret";11;"48.8667388/2.3796639"
"http://www.paris-soiree.fr/discotheque-la_casbah-134";"La Casbah";"18 rue de la Forge Royale";11;"48.8515763/2.3806228"
"http://www.paris-soiree.fr/discotheque-les_disquaires-135";"Les Disquaires";"6 rue des Taillandiers";11;"48.8538534/2.3755383"
"http://www.paris-soiree.fr/discotheque-nouveau_casino-136";"Nouveau Casino";"109 rue Oberkampf";11;"48.8658269/2.3778313"
"http://www.paris-soiree.fr/discotheque-reservoir-137";"Réservoir";"16 rue de la Forge Royale";11;"48.8514432/2.3805468"
"http://www.paris-soiree.fr/discotheque-scene_bastille-139";"Scène Bastille";"2 bis rue des Taillandiers";11;"48.8542107/2.3752835"
"http://www.paris-soiree.fr/discotheque-tribar-140";"Tribar";"20 rue de Lappe";11;"48.85375/2.3725366"
"http://www.paris-soiree.fr/discotheque-le_bric_a_brac-333";"Le Bric à Brac";"108 rue Oberkampf";11;"48.8659386/2.3788507"
"http://www.paris-soiree.fr/discotheque-numero_15-348";"NUMERO 15";"15 rue Daval";11;"48.8548907/2.370799"
"http://www.paris-soiree.fr/discotheque-sanz_by_bizz_art_-318";"SANZ By Bizz’art";"49 rue du Faubourg Saint-Antoine";11;"48.8522368/2.3728406"
"http://www.paris-soiree.fr/discotheque-chalet_des_iles_daumesnil-141";"Chalet des Iles Daumesnil";"Ile de Reuilly - Bois de Vincennes";12;NA
"http://www.paris-soiree.fr/discotheque-the_frog_and_princess-255";"The frog and princess";"25 cour Saint Emilion";12;"48.8329642/2.3862318"
"http://www.paris-soiree.fr/discotheque-la_croche-254";"La croche";"64 rue de charenton";12;"48.8494562/2.3744031"
"http://www.paris-soiree.fr/discotheque-cafe_barge-334";"Café Barge";"5 Port de la Rappée";12;NA
"http://www.paris-soiree.fr/discotheque-bercy-187";"Bercy";"8 Boulevard de Bercy";12;"48.83870845/2.37876661922646"
"http://www.paris-soiree.fr/discotheque-peniche_nix_nox-155";"Péniche Nix Nox";"Quai François Mauriac";12;"48.8337611/2.3777671"
"http://www.paris-soiree.fr/discotheque-salons_vianey-145";"Salons Vianey";"98 quai de la Rapée";12;"48.8459217/2.3669243"
"http://www.paris-soiree.fr/discotheque-peniche_alternat-144";"Péniche Alternat";"Quai de Bercy";12;"48.8290509/2.3873457"
"http://www.paris-soiree.fr/discotheque-opa_bastille-143";"OPA Bastille";"9 rue Biscornet";12;"48.8502409/2.3697225"
"http://www.paris-soiree.fr/discotheque-la_chesnaie_du_roy-142";"La Chesnaie du Roy";"Route de la Pyramide, Bois de Vincennes";12;NA
"http://www.paris-soiree.fr/discotheque-le_montecosy-332";"Le Montecosy";"69, Port de la Rapée";12;"48.8434/2.3693936"
"http://www.paris-soiree.fr/discotheque-le_bateau_alize-317";"Le Bateau Alize";"Port de la Râpée";12;"48.8429405/2.37024"
"http://www.paris-soiree.fr/discotheque-le_petit_bain-321";"Le Petit Bain";"7 quai de la gare";13;"48.8367047/2.3744462"
"http://www.paris-soiree.fr/discotheque-century_bar-251";"Century bar";"43 rue Damesme";13;"48.8228756/2.3554845"
"http://www.paris-soiree.fr/discotheque-la_folie_en_tete-248";"La folie en tête";"33 rue Butte aux Cailles";13;"48.8275867/2.3500629"
"http://www.paris-soiree.fr/discotheque-peniche_charleston-154";"Péniche Charleston";"Quai de la Gare";13;"48.8370762/2.3729066"
"http://www.paris-soiree.fr/discotheque-peniche_blues_cafe_-153";"Péniche Blues Café";"Port d'Austerlitz";13;"48.8411753/2.37003865988687"
"http://www.paris-soiree.fr/discotheque-peniche_batofar-152";"Péniche Batofar";"11 quai Francois Mauriac";13;"48.832696/2.3788723"
"http://www.paris-soiree.fr/discotheque-peniche_aabysse-151";"Péniche Aabysse";"Quai de la Gare";13;"48.8370762/2.3729066"
"http://www.paris-soiree.fr/discotheque-loceynius-150";"Loceynius";"Quai de la Gare";13;"48.8370762/2.3729066"
"http://www.paris-soiree.fr/discotheque-la_dame_de_canton-149";"La Dame de Canton";"Quai François Mauriac";13;"48.8337611/2.3777671"
"http://www.paris-soiree.fr/discotheque-espace_des_peupliers-148";"Espace des Peupliers";"7 rue de Sainte-Hélène";13;"48.8195288/2.3525895"
"http://www.paris-soiree.fr/discotheque-djoon-147";"Djoon";"22 boulevard Vincent Auriol";13;"48.83665/2.3716268"
"http://www.paris-soiree.fr/discotheque-le_7_spirits-146";"Le 7 Spirits";"7 rue Sainte-Hélène";13;NA
"http://www.paris-soiree.fr/discotheque-wanderlust-329";"Wanderlust";"32 quai d’Austerlitz";13;"48.8402614/2.3703996"
"http://www.paris-soiree.fr/discotheque-pachanga-351";"Pachanga";"8 rue vandame";14;NA
"http://www.paris-soiree.fr/discotheque-the_financier-246";"The Financier";"15 rue du départ";14;"48.8426118/2.3236764"
"http://www.paris-soiree.fr/discotheque-utopia_cafe_concert-243";"Utopia café concert";"165 boulevard Montparnasse";14;NA
"http://www.paris-soiree.fr/discotheque-le_swan_bar-240";"Le Swan bar";"165 boulevard Montparnasse";14;NA
"http://www.paris-soiree.fr/discotheque-le_magique-238";"Le Magique";"42, rue de Gergovie";14;"48.8331533/2.3158317"
"http://www.paris-soiree.fr/discotheque-indiana_cafe-237";"Indiana Café";"77 avenue Maine";14;"44.2597917/-70.5006152"
"http://www.paris-soiree.fr/discotheque-l_entrepot_-159";"L'entrepôt";"7 rue Francis de Pressens";14;NA
"http://www.paris-soiree.fr/discotheque-bobino_club-158";"Bobino Club";"20, rue de la Gaité";14;"48.8397286/2.3235027"
"http://www.paris-soiree.fr/discotheque-backstage_cafe_-157";"Backstage Café";"31, rue de la Gaité";14;"48.8395056/2.3235306"
"http://www.paris-soiree.fr/discotheque-l_apollo-156";"L'Apollo";"3, place Denfert Rochereau";14;"48.8344816/2.332687"
"http://www.paris-soiree.fr/discotheque-le_back_up-160";"Le Back Up";"18, rue de la Croix Nivert";15;"48.835743/2.2897213"
"http://www.paris-soiree.fr/discotheque-le_brazil_tropical-350";"Le Brazil Tropical";"36 RUE DU DEPART";15;"48.8421193/2.3226983"
"http://www.paris-soiree.fr/discotheque-star_cafe-235";"Star café";"11 rue Théâtre";15;"10.5003835/-66.8480997260964"
"http://www.paris-soiree.fr/discotheque-le_r-232";"Le R";"6/8 rue de la cavalerie";15;"48.8495688/2.3006333"
"http://www.paris-soiree.fr/discotheque-celtic_corner-230";"Celtic corner";"21 Rue Lakanal";15;"48.8438233/2.2957752"
"http://www.paris-soiree.fr/discotheque-tout_le_monde_en_parle-166";"Tout Le Monde En Parle";"4 rue du départ";15;"48.8421193/2.3226983"
"http://www.paris-soiree.fr/discotheque-red_light-165";"Red Light";"34 rue du départ";15;"48.8421193/2.3226983"
"http://www.paris-soiree.fr/discotheque-mix_club_paris-164";"Mix Club Paris";"24 rue de l'arrivée";15;"48.842109/2.3213512"
"http://www.paris-soiree.fr/discotheque-forum_de_grenelle-163";"Forum de Grenelle";"5 rue de la Croix Nivert";15;"48.835743/2.2897213"
"http://www.paris-soiree.fr/discotheque-espace_56_tour_montparnasse-162";"Espace 56 Tour Montparnasse";"Tour Montparnasse - Rue du Départ";15;"48.8429112/2.3235502"
"http://www.paris-soiree.fr/discotheque-equinoxe-161";"Equinoxe";"20 rue du Colonel Avia";15;NA
"http://www.paris-soiree.fr/discotheque-palais_des_sports-314";"Palais des Sports";"1 place de la Porte de Versailles";15;"48.8322877/2.2883572"
"http://www.paris-soiree.fr/discotheque-duplex-167";"Duplex";"2 bis avenue Foch";16;"48.8726811/2.2845697"
"http://www.paris-soiree.fr/discotheque-galion-168";"Galion";"10 allée du bord de l\'eau";16;NA
"http://www.paris-soiree.fr/discotheque-jardin_de_bagatelle-169";"Jardin de Bagatelle";"Route de Sèvres - Neuilly";16;NA
"http://www.paris-soiree.fr/discotheque-pavillon_royal-171";"Pavillon Royal";"Carrefour Du Bout Du Lac - Route de Suresnes";16;NA
"http://www.paris-soiree.fr/discotheque-pavillon_dauphine-172";"Pavillon Dauphine";"Place du Marechal Delattre De Tassigny";16;NA
"http://www.paris-soiree.fr/discotheque-river_s_king-173";"River's King";"108 avenue du Président Kennedy";16;"48.8521646/2.2798777"
"http://www.paris-soiree.fr/discotheque-hippodrome_de_longchamp-188";"Hippodrome de Longchamp";"Route des tribunes";16;"48.8297756/2.4232608"
"http://www.paris-soiree.fr/discotheque-lounge_square-228";"Lounge square";"1 rue de Boulainvillier";16;NA
"http://www.paris-soiree.fr/discotheque-peniche_le_boreas-324";"Peniche Le Boreas";"Port Debilly - Face au 34 avenue de New York";16;NA
"http://www.paris-soiree.fr/discotheque-le_palais_maillot-17";"Le Palais Maillot";"2 Place de la Porte Maillot";17;"48.8785237/2.2817845"
"http://www.paris-soiree.fr/discotheque-saint_cyr_club-175";"Saint Cyr Club";"42 boulevard Gouvion-Saint-Cyr";17;"48.88268/2.286511"
"http://www.paris-soiree.fr/discotheque-le_standard-335";"Le Standard";"2 Pl de la Porte Maillot/face 97 Bd Gouvion St Cyr";17;NA
"http://www.paris-soiree.fr/discotheque-le_prince-174";"Le Prince";"66 boulevard Gouvion Saint Cyr";17;"48.8823793/2.2862671"
"http://www.paris-soiree.fr/discotheque-aux_caves_de_prony-223";"Aux caves de prony";"64, rue de Prony";17;"48.8829762/2.3028975"
"http://www.paris-soiree.fr/discotheque-le_zinc-225";"le zinc";"32 rue Moines";17;"48.8880797/2.3186755"
"http://www.paris-soiree.fr/discotheque-five_club-256";"Five Club";"5, rue Troyon";17;"48.8758951/2.2954072"
"http://www.paris-soiree.fr/discotheque-palais_des_congres-312";"Palais des Congrès";"2 place Porte Maillot";17;NA
"http://www.paris-soiree.fr/discotheque-la_machine_du_moulin_rouge-310";"La Machine du Moulin Rouge";"90 bd de Clichy";18;"48.8841152/2.3321741"
"http://www.paris-soiree.fr/discotheque-elysee_montmartre-11";"Elysée Montmartre";"72 boulevard Rochechouard";18;NA
"http://www.paris-soiree.fr/discotheque-post_cafe-219";"Post café";"2 rue Steinkerque";18;"48.8837508/2.3435677"
"http://www.paris-soiree.fr/discotheque-moving_pints__-218";"Moving Pints";"118 boulevard Clichy";18;"48.8995516/2.3052237"
"http://www.paris-soiree.fr/discotheque-xo-220";"Xo";"59 rue Orsel";18;NA
"http://www.paris-soiree.fr/discotheque-l_artscenik_cafe_-215";"L'Artscenik Café";"48 boulevard de Clichy";18;"48.8831174/2.3355731"
"http://www.paris-soiree.fr/discotheque-les_dessous_de_ginette-210";"les dessous de Ginette";"101 rue caulaincourt";18;"48.8897158/2.3387536"
"http://www.paris-soiree.fr/discotheque-bab_ilo-209";"Bab ilo";"9, rue du Baigneur";18;"48.8901861/2.3440488"
"http://www.paris-soiree.fr/discotheque-corcoran_s-208";"Corcoran's";"110 boulevard Clichy";18;"48.8995516/2.3052237"
"http://www.paris-soiree.fr/discotheque-moulin_rouge-179";"Moulin Rouge";"82 boulevard de clichy";18;"48.8840109/2.3326217"
"http://www.paris-soiree.fr/discotheque-la_cigale-178";"La Cigale";"120 boulevard de Rochechouart";18;"48.882339/2.3402606"
"http://www.paris-soiree.fr/discotheque-espace_abc-177";"Espace ABC";"3 rue de la Chapelle";18;"48.8906382/2.3597001"
"http://www.paris-soiree.fr/discotheque-divan_du_monde-176";"Divan du Monde";"75 rue des Martyrs";18;"48.8824639/2.3395776"
"http://www.paris-soiree.fr/discotheque-le_couloir-213";"Le Couloir";"108 Boulevard de Rochechouart";18;"48.8824433/2.3409335"
"http://www.paris-soiree.fr/discotheque-le_trianon-325";"Le Trianon";"80 Boulevard de Rochechouart";18;"48.8830683/2.34293321668619"
"http://www.paris-soiree.fr/discotheque-l_abracadabar-180";"L'Abracadabar";"123 Avenue Jean Jaurès";19;"48.8861421/2.3824325"
"http://www.paris-soiree.fr/discotheque-belushi_s_bar-181";"Belushi's Bar";"159, rue Crimee";19;NA
"http://www.paris-soiree.fr/discotheque-le_cabaret_sauvage-182";"Le Cabaret Sauvage";"211 avenue Jean Jaurès";19;"48.89422205/2.39323451311171"
"http://www.paris-soiree.fr/discotheque-le_glazart-183";"Le Glazart";"7 avenue de la Porte de la Villette";19;"48.899283/2.38661023299799"
"http://www.paris-soiree.fr/discotheque-le_zenith-313";"Le Zénith";"Parc de La Villette - 211 avenue Jean Jaurès";19;NA
"http://www.paris-soiree.fr/discotheque-le_trabendo-322";"Le Trabendo";"211 avenue Jean Jaurès";19;"48.89422205/2.39323451311171"
"http://www.paris-soiree.fr/discotheque-la_villette_enchantee-330";"La Villette Enchantée";"211 avenue Jean Jaurès";19;"48.89422205/2.39323451311171"
"http://www.paris-soiree.fr/discotheque-l_espace_b-326";"L'Espace B";"16, rue Barbanègre";19;"48.8931864/2.3844167"
"http://www.paris-soiree.fr/discotheque-la_bellevilloise-184";"La Bellevilloise";"21 rue Boyer";20;"48.8684069/2.3921784"
"http://www.paris-soiree.fr/discotheque-la_fleche_d_or-185";"La Flèche d Or";"102 bis rue de Bagnolet";20;"48.8608627/2.4048418"
"http://www.paris-soiree.fr/discotheque-la_maroquinerie-327";"La Maroquinerie";"23 RUE BOYER";20;"48.8685495/2.3921184"
