"url";"name";"type";"address";"gps"
"http://www.restopolitan.com/en/restaurant/paris-18eme-464/la-rughetta-303360.html";"La Rughetta";"Italian";"41, rue Lepic, 75018 ,Paris";"48.8865438/2.3337108"
"http://www.restopolitan.com/en/restaurant/paris-2eme-448/le-biz-300253.html";"Le Biz";"Bistrot Gourmand";"18, rue Favart, 75002 ,Paris";"48.8714039/2.3383072"
"http://www.restopolitan.com/en/restaurant/paris-5eme-451/savannah-cafe-303965.html";"Savannah Café";"French";"27, rue Descartes, 75005 ,Paris";"48.8459367/2.3491918"
"http://www.restopolitan.com/en/restaurant/paris-11eme-457/l-echoppe-de-paris-303349.html";"L’Echoppe de Paris";"French";"16, rue Léon Frot, 75011 ,Paris";"48.8539958/2.3879544"
"http://www.restopolitan.com/en/restaurant/paris-6eme-452/steaking-304068.html";"Steaking";"Bistrot Gourmand";"3, rue du Sabot, 75006 ,Paris";"48.8529183/2.331483"
"http://www.restopolitan.com/en/restaurant/paris-2eme-448/bistrot-favart-304326.html";"Bistrot Favart";"French";"1, rue Favart, 75002 ,Paris";"48.8704805/2.337788"
"http://www.restopolitan.com/en/restaurant/paris-11eme-457/jeroboam-303870.html";"Jéroboam";"French";"10, rue Saint Sébastien, 75011 ,Paris";"48.8608774/2.3683853"
"http://www.restopolitan.com/en/restaurant/paris-1er-447/tutti-amici-304282.html";"Tutti Amici";"Italian";"47, rue Saint-Honoré, 75001 ,Paris";"48.8608938/2.3452995"
"http://www.restopolitan.com/en/restaurant/paris-16eme-462/la-table-du-baltimore-7940.html";"La Table du Baltimore";"Gastronomic";"88 bis, avenue Kléber, 75016 ,Paris";NA
"http://www.restopolitan.com/en/restaurant/paris-18eme-464/la-table-du-kube-304377.html";"La Table du Kube";"Gastronomic";"1-5, passage Ruelle, 75018 ,Paris";"48.8866812/2.3595672"
"http://www.restopolitan.com/en/restaurant/suresnes-380/le-salon-sur-l-eau-8515.html";"Le Salon sur l'Eau";"French";"5, quai Marcel Dassault , 92150 Suresnes";"48.8610439/2.2250104"
"http://www.restopolitan.com/en/restaurant/paris-11eme-457/el-mida-303833.html";"El Mida";"Snack";"46, boulevard du Temple, 75011 ,Paris";NA
"http://www.restopolitan.com/en/restaurant/paris-1er-447/le-fiston-302877.html";"Le Fiston";"Italian";"20 rue des halles, 75001 ,Paris";"48.860052/2.3466205"
"http://www.restopolitan.com/en/restaurant/paris-20eme-466/la-bolee-belgrand-303321.html";"La Bolée Belgrand";"Bistrot Gourmand";"19, rue Belgrand, 75020 ,Paris";"48.8647026/2.405926"
"http://www.restopolitan.com/en/restaurant/paris-15eme-461/l-insouciant-300809.html";"L'Insouciant";"Bistrot Gourmand";"77, rue de Brancion, 75015 ,Paris";NA
"http://www.restopolitan.com/en/restaurant/voisins-le-bretonneux-1612/le-carre-voisins-le-bretonneux-303858.html";"Le Carré - Voisins-le-Bretonneux";"Gastronomic";"7-9, place des Douves, 78960 Voisins Le Bretonneux";"48.7592072/2.0500819"
"http://www.restopolitan.com/en/restaurant/paris-9eme-455/il-passaggio-304183.html";"Il Passaggio";"Italian";"31 Bis, rue du Faubourg Montmartre, 75009 ,Paris";"48.8747545/2.3413778"
"http://www.restopolitan.com/en/restaurant/bagneux-386/le-ble-en-scene-bagneux-301635.html";"Le Blé en Scène - Bagneux";"French";"10, avenue Henri Ravera, 92220 Bagneux";"48.7967766/2.3017677"
"http://www.restopolitan.com/en/restaurant/paris-11eme-457/cafe-fusain-304040.html";"Café Fusain";"French";"50, avenue Parmentier, 75011 ,Paris";"48.8621841/2.3769857"
"http://www.restopolitan.com/en/restaurant/paris-1er-447/la-gioia-301227.html";"La Gioia";"Gastronomic";"188 bis, rue de Rivoli, 75001 ,Paris";"48.862291/2.3365898"
"http://www.restopolitan.com/en/restaurant/paris-18eme-464/shenaz-300245.html";"Shenaz";"Indian";"11 Rue Houdon, 75018 ,Paris";"48.883076/2.338347"
"http://www.restopolitan.com/en/restaurant/tremblay-en-france-1063/le-cenacle-304281.html";"Le Cénacle";"Gastronomic";"1, rue de la Mairie-Vieux Pays, 93290 Tremblay En France";NA
"http://www.restopolitan.com/en/restaurant/paris-14eme-460/oggi-304448.html";"OGGI";"Italian";"15, rue d'Odessa, 75014 ,Paris";"48.8421324/2.324676"
"http://www.restopolitan.com/en/restaurant/paris-9eme-455/dokkun-thai-303426.html";"Dokkun Thai";"Thai";"44, rue Lamartine, 75009 ,Paris";"48.8766116/2.3409161"
"http://www.restopolitan.com/en/restaurant/paris-8eme-454/l-astor-saint-honore-300173.html";"L'Astor Saint-Honoré";"Gastronomic";"11, rue d'Astorg, 75008 ,Paris";"48.8728414/2.3193943"
"http://www.restopolitan.com/en/restaurant/paris-12eme-458/le-swann-304623.html";"Le Swann";"Bistrot Gourmand";"271, avenue Daumesnil, 75012 ,Paris";"48.8361133/2.4056234"
"http://www.restopolitan.com/en/restaurant/paris-18eme-464/le-preum-s-300534.html";"Le Preum's";"Bistrot Gourmand";"70, rue du Mont Cenis, 75018 ,Paris";"48.8917251/2.344001"
"http://www.restopolitan.com/en/restaurant/paris-2eme-448/zenzoo-foodi-304003.html";"ZenZoo Foodi";"Thai";"2, rue du Nil, 75002 ,Paris";"48.8678903/2.3482531"
"http://www.restopolitan.com/en/restaurant/paris-12eme-458/cafe-barjot-302576.html";"Café Barjot";"French";"18, avenue Ledru-Rollin, 75012 ,Paris";"48.8480758/2.3715798"
"http://www.restopolitan.com/en/restaurant/paris-4eme-450/uniq-lounge-302873.html";"Uniq Lounge";"Tapas";"7, rue Simon le Franc, 75004 ,Paris";"48.8600532/2.3537335"
"http://www.restopolitan.com/en/restaurant/paris-5eme-451/la-reine-des-tartes-303966.html";"La Reine des Tartes";"French";"11, rue des Boulangers, 75005 ,Paris";"48.8458011/2.3538782"
"http://www.restopolitan.com/en/restaurant/paris-15eme-461/beirut-mezza-nine-303462.html";"Beirut Mezza Nine";"Lebanese";"30 boulevard de Vaugirard, 75015 ,Paris";NA
"http://www.restopolitan.com/en/restaurant/paris-20eme-466/le-provencal-303348.html";"Le Provençal";"Bistrot Gourmand";"94, rue des Grands Champs , 75020 ,Paris";"48.8515312/2.4066764"
"http://www.restopolitan.com/en/restaurant/saint-maur-des-fosses-1283/le-grain-magique-300947.html";"Le Grain Magique";"Eastern";"44 avenue de l'Alma, 94100 Saint Maur Des Fosses";NA
"http://www.restopolitan.com/en/restaurant/paris-6eme-452/gallery-304304.html";"Gallery";"Italian";"90, rue d'Assas, 75006 ,Paris";"48.8440936/2.333064"
"http://www.restopolitan.com/en/restaurant/paris-9eme-455/carrousel-de-paris-303924.html";"Carrousel de Paris";"French";"40, rue Pierre Fontaine, 75009 ,Paris";"48.8828534/2.3332587"
"http://www.restopolitan.com/en/restaurant/houdan-1495/la-poularde-de-houdan-302871.html";"La Poularde de Houdan";"Gastronomic";"24, avenue de la République, 78550 Houdan";"48.7943584/1.6020192"
"http://www.restopolitan.com/en/restaurant/paris-11eme-457/folie-s-cafe-304053.html";"Folie's Café";"French";"26, avenue de la République, 75011 ,Paris";"48.8658534/2.3707037"
"http://www.restopolitan.com/en/restaurant/paris-15eme-461/cafe-victor-300441.html";"Café Victor";"French";"10 Boulevard Victor, 75015 ,Paris";"48.8358292/2.2784139"
"http://www.restopolitan.com/en/restaurant/paris-13eme-459/ana-m.-304164.html";"Ana M.";"South American";"14, rue du Jura, 75013 ,Paris";"48.8370478/2.3560076"
"http://www.restopolitan.com/en/restaurant/paris-15eme-461/la-cime-303424.html";"La Cime";"Lebanese";"22, rue de l'Arrivée , 75015 ,Paris";"48.8429061/2.3212317"
"http://www.restopolitan.com/en/restaurant/montigny-le-bretonneux-1380/eden-cafe-302653.html";"Eden Café";"French";"33, avenue du Manet, 78180 Montigny Le Bretonneux";"48.7683831/2.0237342"
"http://www.restopolitan.com/en/restaurant/paris-17eme-463/le-petit-indien-i-301932.html";"Le Petit Indien I";"Indian";"5, rue Pouchet, 75017 ,Paris";"48.8919936/2.3187528"
"http://www.restopolitan.com/en/restaurant/paris-15eme-461/les-4-saisons-303770.html";"Les 4 Saisons";"Korean";"17, avenue Emile Zola, 75015 ,Paris";"48.8463954/2.2791838"
"http://www.restopolitan.com/en/restaurant/paris-7eme-453/caffe-toscano-303990.html";"Caffè Toscano";"Italian";"34, rue des Saints Pères, 75007 ,Paris";"48.8550842/2.3306761"
"http://www.restopolitan.com/en/restaurant/paris-1er-447/chez-claude-300021.html";"Chez Claude";"Bistrot Gourmand";"166, rue Saint-Honoré, 75001 ,Paris";"48.8622156/2.339466"
"http://www.restopolitan.com/en/restaurant/paris-9eme-455/16-haussmann-paris-marriott-opera-ambassador-hotel-302414.html";"16 Haussmann - Paris Marriott Opéra Ambassador Hôtel";"Gastronomic";"16, boulevard Haussmann, 75009 ,Paris";"48.8726082/2.3366637"
"http://www.restopolitan.com/en/restaurant/rueil-malmaison-412/l-entremer-301378.html";"L'Entremer";"Bistrot Gourmand";"6, place des Impressionistes, 92500 Rueil Malmaison";NA
"http://www.restopolitan.com/en/restaurant/paris-4eme-450/le-caveau-de-l-isle-300488.html";"Le Caveau de l'Isle";"French";"36 rue Saint-Louis en l'Isle, 75004 ,Paris";NA
"http://www.restopolitan.com/en/restaurant/paris-9eme-455/kohinoor-303434.html";"Kohinoor";"Indian";"23, rue Blanche, 75009 ,Paris";"48.8793764/2.3313489"
"http://www.restopolitan.com/en/restaurant/paris-11eme-457/chez-he-303121.html";"Chez Hé";"Chinese";"4, cité de l'Ameublement, 75011 ,Paris";"48.8507911/2.3857291"
"http://www.restopolitan.com/en/restaurant/conflans-ste-honorine-1542/via-appia-303917.html";"Via Appia";"Italian";"91, avenue Carnot, 78700 Conflans Ste Honorine";"48.9957022/2.0947189"
"http://www.restopolitan.com/en/restaurant/paris-1er-447/goumard-304231.html";"Goumard";"Gastronomic";"9, rue Duphot, 75001 ,Paris";"48.8679841/2.3255481"
"http://www.restopolitan.com/en/restaurant/paris-5eme-451/le-bistro-leonard-303972.html";"Le Bistro Léonard";"Italian";"72, rue Cardinal Lemoine, 75005 ,Paris";NA
"http://www.restopolitan.com/en/restaurant/paris-9eme-455/o-frenchy-303444.html";"O'Frenchy";"French";"4 rue Rougemont, 75009 ,Paris";NA
"http://www.restopolitan.com/en/restaurant/paris-8eme-454/le-taste-monde-304468.html";"Le Taste Monde";"Gastronomic";"8, rue de Surène, 75008 ,Paris";"48.8706923/2.3217426"
"http://www.restopolitan.com/en/restaurant/paris-3eme-449/reflets-du-liban-303047.html";"Reflets du Liban";"Lebanese";"25, rue Brantôme, 75003 ,Paris";"48.8620651/2.3527397"
"http://www.restopolitan.com/en/restaurant/paris-11eme-457/yara-303010.html";"Yara";"Lebanese";"20, boulevard Richard Lenoir, 75011 ,Paris";"48.8609015/2.372836"
"http://www.restopolitan.com/en/restaurant/saint-gratien-1105/oasis-303671.html";"Oasis";"Italian";"3, boulevard du Maréchal Foch, 95210 Saint Gratien";NA
"http://www.restopolitan.com/en/restaurant/marines-1227/kington-lounge-304269.html";"Kington Lounge";"Bistrot Gourmand";"5, place du Maréchal Leclerc, 95640 Marines";"49.1449358/1.9827496"
"http://www.restopolitan.com/en/restaurant/paris-11eme-457/le-tizi-302216.html";"Le Tizi";"Algérienne";"41, rue Saint-Maur , 75011 ,Paris";"48.8614692/2.3806851"
"http://www.restopolitan.com/en/restaurant/paris-7eme-453/atelier-197-304311.html";"Atelier 197";"Italian";"197, rue de Grenelle, 75007 ,Paris";"48.8565256/2.3032347"
"http://www.restopolitan.com/en/restaurant/paris-17eme-463/le-verre-moutarde-302469.html";"Le Verre Moutarde";"Bistrot Gourmand";"145, rue de Saussure, 75017 ,Paris";"48.889758/2.305746"
"http://www.restopolitan.com/en/restaurant/montigny-le-bretonneux-1380/l-arche-303786.html";"L'Arche";"French";"10, avenue des Près, 78180 Montigny Le Bretonneux";"48.7824691/2.0350115"
"http://www.restopolitan.com/en/restaurant/les-pavillons-sous-bois-1066/la-vallee-du-kohistan-301994.html";"La Vallée du Kohistan";"Indian";"294, avenue Aristide Briand, 93320 Les Pavillons Sous Bois";"48.9097254/2.5069402"
"http://www.restopolitan.com/en/restaurant/aubervilliers-1064/auber-zinc-303120.html";"Auber'Zinc";"French";"67, rue du Landy, 93300 Aubervilliers";"48.915242/2.373862"
"http://www.restopolitan.com/en/restaurant/paris-17eme-463/bistro-bab-304566.html";"Bistro BAB";"Mediterranean";"11, rue Rennequin, 75017 ,Paris";"48.8810759/2.2987738"
"http://www.restopolitan.com/en/restaurant/pontoise-1132/taj-mahal-pontoise-303161.html";"Taj Mahal - Pontoise";"Indian";"10, rue de la Pierre aux Poissons , 95300 Pontoise";"49.0505134/2.0976596"
"http://www.restopolitan.com/en/restaurant/paris-1er-447/dolce-vita-paris-303585.html";"Dolce Vita - Paris";"Italian";"12, rue des precheurs, 75001 ,Paris";NA
"http://www.restopolitan.com/en/restaurant/paris-15eme-461/bateau-paris-en-scene-301136.html";"Bateau Paris En Scène";"French";"Quai de Grenelle, 75015 ,Paris";"48.850977/2.2839761"
"http://www.restopolitan.com/en/restaurant/argenteuil-1091/volcano-lounge-303252.html";"Volcano Lounge";"Italian";"15, rue Paul Vaillant Couturier, 95100 Argenteuil";"48.9474154/2.2557503"
"http://www.restopolitan.com/en/restaurant/paris-1er-447/la-brasserie-du-louvre-300285.html";"La Brasserie du Louvre";"French";"Place André Malraux, 75001 ,Paris";"48.8636209/2.3353199"
"http://www.restopolitan.com/en/restaurant/paris-12eme-458/villa-romana-304061.html";"Villa Romana";"Italian";"271, avenue Daumesnil, 75012 ,Paris";"48.8361133/2.4056234"
"http://www.restopolitan.com/en/restaurant/paris-10eme-456/le-bois-rouge-300549.html";"Le Bois Rouge";"World Food";"14 rue de la Fidélité, 75010 ,Paris";"48.8746118/2.35658"
"http://www.restopolitan.com/en/restaurant/paris-9eme-455/le-y-303564.html";"Le Y";"Greek";"24, rue Godot de Mauroy, 75009 ,Paris";"48.8715853/2.3272917"
"http://www.restopolitan.com/en/restaurant/paris-11eme-457/paname-art-cafe-303566.html";"Paname Art Café";"Bistrot Gourmand";"14, rue de la Fontaine au Roi, 75011 ,Paris";"48.868381/2.3699359"
"http://www.restopolitan.com/en/restaurant/paris-8eme-454/a-la-chataigne-304027.html";"A la Châtaigne";"Corse";"22, rue Miromesnil, 75008 ,Paris";NA
"http://www.restopolitan.com/en/restaurant/paris-5eme-451/il-covo-302761.html";"Il Covo";"Italian";"10, rue Boutebrie, 75005 ,Paris";"48.8514429/2.3445774"
"http://www.restopolitan.com/en/restaurant/issy-les-moulineaux-377/la-maillette-301389.html";"La Maillette";"French";"18, avenue de la République, 92130 Issy Les Moulineaux";NA
"http://www.restopolitan.com/en/restaurant/paris-17eme-463/o-de-rose-301088.html";"Ô de Rose";"Kosher";"7 rue Jouffroy d'Abbans, 75017 ,Paris";"48.8869309/2.3129191"
"http://www.restopolitan.com/en/restaurant/paris-14eme-460/aasman-300016.html";"Aasman";"Indian";"96 Rue Daguerre, 75014 ,Paris";"48.8360719/2.3240279"
"http://www.restopolitan.com/en/restaurant/paris-1er-447/le-baudelaire-303970.html";"Le Baudelaire";"Gastronomic";"8, rue Duphot, 75001 ,Paris";"48.8679942/2.3257683"
"http://www.restopolitan.com/en/restaurant/versailles-1336/la-table-d-agadir-303694.html";"La Table d'Agadir";"Moroccan";"20, rue Baillet Reviron, 78000 Versailles";"48.8083721/2.1312315"
"http://www.restopolitan.com/en/restaurant/puteaux-416/cote-parvis-hilton-68697.html";"Côté Parvis, Hilton";"French";"2, Place de la Défense, 92800 Puteaux";NA
"http://www.restopolitan.com/en/restaurant/paris-17eme-463/le-cafe-dumas-304613.html";"Le Café Dumas";"French";"34, avenue de Villiers, 75017 ,Paris";"48.8823943/2.3121351"
"http://www.restopolitan.com/en/restaurant/malakoff-388/chez-tania-301359.html";"Chez Tania";"Indian";"124, avenue Pierre Brossolette, 92240 Malakoff";"48.8213253/2.3126703"
"http://www.restopolitan.com/en/restaurant/paris-17eme-463/l-agape-304020.html";"L'Agapé";"Gastronomic";"51, rue Jouffroy d'Abbans, 75017 ,Paris";"48.8849199/2.3069587"
"http://www.restopolitan.com/en/restaurant/paris-11eme-457/cafe-tomate-paris-304006.html";"Café Tomate - Paris";"Bistrot Gourmand";"140, rue Saint Maur, 75011 ,Paris";"48.8685527/2.3749096"
"http://www.restopolitan.com/en/restaurant/paris-12eme-458/select-lounge-302535.html";"Select Lounge";"French";"46, rue Jacques Hillairet, 75012 ,Paris";"48.8434344/2.3894984"
"http://www.restopolitan.com/en/restaurant/paris-19eme-465/l-origami-303308.html";"L'Origami";"Chinese";"53, avenue Secrétan, 75019 ,Paris";"48.8805175/2.3751266"
"http://www.restopolitan.com/en/restaurant/paris-16eme-462/huitres-et-saumons-de-passy-303458.html";"Huitres & Saumons de Passy";"French";"17, rue de l'Annonciation , 75016 ,Paris";"48.8563229/2.2797345"
"http://www.restopolitan.com/en/restaurant/paris-18eme-464/l-insolite-303404.html";"L'Insolite";"Bistrot Gourmand";"58 rue du Poteau, 75018 ,Paris";"48.8967758/2.3384491"
"http://www.restopolitan.com/en/restaurant/saint-denis-1054/le-mets-du-roy-303115.html";"Le Mets du Roy";"French";"4, rue de la Boulangerie, 93200 Saint Denis";"48.9353006/2.3581395"
"http://www.restopolitan.com/en/restaurant/paris-2eme-448/brut-304348.html";"Brut";"Bistrot Gourmand";"3, rue Saint-Augustin, 75002 ,Paris";"48.8688583/2.3378233"
"http://www.restopolitan.com/en/restaurant/paris-18eme-464/le-restaurant-montmartre-304026.html";"Le Restaurant Montmartre";"French";"32, rue Veron, 75018 ,Paris";NA
"http://www.restopolitan.com/en/restaurant/versailles-1336/helio-s-pub-303805.html";"Helio's Pub";"French";"1, rue des Etats Généraux, 78000 Versailles";"48.8015194/2.1317118"
"http://www.restopolitan.com/en/restaurant/clichy-375/first-cafe-303754.html";"First Café";"Bistrot Gourmand";"102, rue Martre , 92110 Clichy";"48.9045461/2.3050336"
"http://www.restopolitan.com/en/restaurant/paris-17eme-463/il-grap-304625.html";"Il Grap";"Italian";"5, passage Cardinet, 75017 ,Paris";"48.8856713/2.3106649"
"http://www.restopolitan.com/en/restaurant/paris-18eme-464/les-fondus-de-la-raclette-303584.html";"Les Fondus de la Raclette";"French";"19, rue Joseph Dijon, 75018 ,Paris";"48.8941722/2.3457305"
"http://www.restopolitan.com/en/restaurant/issy-les-moulineaux-377/dolce-vita-301376.html";"Dolce Vita";"Italian";"10, rue Ernest Renan, 92130 Issy Les Moulineaux";"48.8275821/2.2803244"
"http://www.restopolitan.com/en/restaurant/paris-2eme-448/bizen-61660.html";"Bizen";"World Food";"111, rue Réaumur, 75002 ,Paris";"48.8681361/2.3433222"
"http://www.restopolitan.com/en/restaurant/paris-18eme-464/sens-uniques-303277.html";"Sens Uniques";"Bistrot Gourmand";"44, rue Damrémont, 75018 ,Paris";"48.8897896/2.3339457"
"http://www.restopolitan.com/en/restaurant/paris-19eme-465/au-coeur-de-l-himalaya-304361.html";"Au Cœur de l'Himalaya";"Indian";"275, rue de Belleville, 75019 ,Paris";"48.8758231/2.4005788"
"http://www.restopolitan.com/en/restaurant/saint-cyr-l-ecole-1396/le-comptoir-breton-304123.html";"Le Comptoir Breton";"French";"15, rue Gabriel Péri, 78210 Saint Cyr L'Ecole";"48.8040363/2.0579634"
"http://www.restopolitan.com/en/restaurant/montmorency-1098/la-case-exotique-303742.html";"La Case Exotique";"Caribbean";"3, rue Gallieni, 95160 Montmorency";"48.9942083/2.3242338"
"http://www.restopolitan.com/en/restaurant/courbevoie-407/rastignac-301633.html";"Rastignac";"Bistrot Gourmand";"18, rue Baudin, 92400 Courbevoie";"48.8962391/2.2516724"
"http://www.restopolitan.com/en/restaurant/maule-1507/el-barrio-maule-302925.html";"El Barrio - Maule";"Spanish";"1, rue ,Paris";"38.8242234/-85.6338542"
"http://www.restopolitan.com/en/restaurant/hardricourt-1402/l-escale-du-maroc-304420.html";"L'Escale du Maroc";"Moroccan";"51, boulevard Michelet, 78250 Hardricourt";"49.0016739/1.8935171"
"http://www.restopolitan.com/en/restaurant/paris-7eme-453/le-perron-304479.html";"Le Perron";"Italian";"6, rue Perronet, 75007 ,Paris";NA
"http://www.restopolitan.com/en/restaurant/paris-11eme-457/il-paradiso-303932.html";"Il Paradiso";"Italian";"40, rue Alexandre Dumas, 75011 ,Paris";"48.8536201/2.3932339"
"http://www.restopolitan.com/en/restaurant/saint-brice-sous-foret-1140/bollywood-lounge-303743.html";"Bollywood Lounge";"Indian";"Centre Commercial les Vergers, rue de la Marlière, 95350 Saint Brice Sous Forêt";NA
"http://www.restopolitan.com/en/restaurant/paris-18eme-464/au-palais-de-l-himalaya-304359.html";"Au Palais de l'Himalaya";"Indian";"2, rue Briquet, 75018 ,Paris";"48.8834801/2.3441857"
"http://www.restopolitan.com/en/restaurant/paris-17eme-463/il-castello-301233.html";"Il Castello";"Bistrot Gourmand";"41, rue Legendre, 75017 ,Paris";"48.8850015/2.3155589"
"http://www.restopolitan.com/en/restaurant/paris-12eme-458/le-bistro-lyonnais-304529.html";"Le Bistro Lyonnais";"Brewery";"6, rue Michel Chasles, 75012 ,Paris";"48.8465847/2.3740127"
"http://www.restopolitan.com/en/restaurant/paris-9eme-455/cafe-le-baron-300740.html";"Café le Baron";"Bistrot Gourmand";"11, rue de Châteaudun, 75009 ,Paris";"48.875749/2.3407619"
"http://www.restopolitan.com/en/restaurant/paris-15eme-461/xveme-avenue-304449.html";"XVème Avenue";"Bistrot Gourmand";"8, avenue du Maine, 75015 ,Paris";"48.844362/2.31992"
"http://www.restopolitan.com/en/restaurant/paris-5eme-451/la-table-de-genevieve-302989.html";"La Table de Geneviève";"Bistrot Gourmand";"8, rue Descartes, 75005 ,Paris";"48.8471401/2.3485991"
"http://www.restopolitan.com/en/restaurant/paris-15eme-461/la-serenata-303451.html";"La Serenata";"Italian";"5, rue Desnouettes , 75015 ,Paris";"48.836046/2.2926172"
"http://www.restopolitan.com/en/restaurant/paris-11eme-457/la-pirada-304021.html";"La Pirada";"Spanish";"7, rue de Lappe, 75011 ,Paris";"48.8540569/2.3720435"
"http://www.restopolitan.com/en/restaurant/paris-15eme-461/le-petit-pasteur-paris-303429.html";"Le Petit Pasteur - Paris";"Bistrot Gourmand";"52, rue des Volontaires, 75015 ,Paris";"48.8395344/2.3093537"
"http://www.restopolitan.com/en/restaurant/paris-11eme-457/le-nilaja-302868.html";"Le Nilaja";"African";"17, rue de la Forge Royale, 75011 ,Paris";"48.8516236/2.3805485"
"http://www.restopolitan.com/en/restaurant/paris-8eme-454/le-m64-300497.html";"Le M64";"Gastronomic";"64, avenue Marceau, 75008 ,Paris";"48.8705873/2.2980109"
"http://www.restopolitan.com/en/restaurant/paris-12eme-458/la-terrasse-300532.html";"La Terrasse";"French";"106, avenue Saint-Mandé, 75012 ,Paris";NA
"http://www.restopolitan.com/en/restaurant/paris-5eme-451/l-epoque-303971.html";"L'Époque";"French";"81, rue du Cardinal Lemoine, 75005 ,Paris";"48.8447683/2.3497466"
"http://www.restopolitan.com/en/restaurant/charenton-le-pont-1295/aux-delices-de-charentong-301058.html";"Aux Délices de Charentong";"Kosher";"28 rue de ,Paris";"48.7359121/1.3710486"
"http://www.restopolitan.com/en/restaurant/paris-16eme-462/family-cafe-302520.html";"Family Café";"Meat and Grill";"35, rue de l'Annonciation, 75016 ,Paris";"48.8571282/2.278492"
"http://www.restopolitan.com/en/restaurant/paris-17eme-463/fenice-304017.html";"Fenice";"Italian";"5, rue Troyon, 75017 ,Paris";"48.8758951/2.2954072"
"http://www.restopolitan.com/en/restaurant/saint-prix-1148/auberge-du-prieure-303178.html";"Auberge du Prieuré";"Gastronomic";"74, rue Auguste Rey, 95390 Saint Prix";"49.0160128/2.2660192"
"http://www.restopolitan.com/en/restaurant/paris-11eme-457/l-etoile-du-kashmir-300593.html";"L'Étoile du Kashmir";"Indian";"63, rue de Charonne, 75011 ,Paris";"48.853503/2.3798265"
"http://www.restopolitan.com/en/restaurant/paris-5eme-451/kathmandu-303993.html";"Kathmandu";"World Food";"22, rue des Boulangers, 75005 ,Paris";"48.8458956/2.3531706"
"http://www.restopolitan.com/en/restaurant/paris-3eme-449/paris-rome-303133.html";"Paris-Rome";"Italian";"73, rue des Archives, 75003 ,Paris";"48.8627856/2.3599383"
"http://www.restopolitan.com/en/restaurant/paris-9eme-455/le-mastroquet-303438.html";"Le Mastroquet";"Bistrot Gourmand";"3, rue Riboutté, 75009 ,Paris";"48.8762156/2.3464053"
"http://www.restopolitan.com/en/restaurant/paris-15eme-461/le-bugatti-paris-300373.html";"Le Bugatti - Paris";"Bistrot Gourmand";"1, rue du Docteur Jacquemaire Clémenceau, 75015 ,Paris";"48.843482/2.297971"
"http://www.restopolitan.com/en/restaurant/paris-12eme-458/maguey-304407.html";"Maguey";"French";"99 rue de Charenton, 75012 ,Paris";"48.8475359/2.3775063"
"http://www.restopolitan.com/en/restaurant/mareil-sur-mauldre-1355/les-delices-d-orient-303918.html";"Les Délices d'Orient";"Moroccan";"1, avenue de Chavoye, 78124 Mareil Sur Mauldre";"48.8894128/1.8759732"
"http://www.restopolitan.com/en/restaurant/paris-20eme-466/le-quartier-general-303362.html";"Le Quartier Général";"French";"9, rue Sorbier , 75020 ,Paris";"48.8681081/2.3903808"
"http://www.restopolitan.com/en/restaurant/paris-8eme-454/risi-e-bisi-44083.html";"Risi e Bisi";"Italian";"81, rue du Rocher, 75008 ,Paris";"48.8801485/2.3175168"
"http://www.restopolitan.com/en/restaurant/paris-7eme-453/vin-et-maree-7eme-300274.html";"Vin et Marée 7ème";"French";"71, avenue de Suffren, 75007 ,Paris";"48.8517151/2.3002724"
"http://www.restopolitan.com/en/restaurant/versailles-1336/nael-crepes-303709.html";"Nael Crêpes";"French";"16 bis, rue Jean Mermoz, 78000 Versailles";"48.7981588/2.1436934"
"http://www.restopolitan.com/en/restaurant/paris-2eme-448/les-alchimistes-300014.html";"Les Alchimistes";"Gastronomic";"16, rue Favart, 75002 ,Paris";"48.8712635/2.3382496"
"http://www.restopolitan.com/en/restaurant/mantes-la-jolie-1391/volonte-304196.html";"Volonté";"Chinese";"place Henri Dunant, 78200 Mantes La Jolie";NA
"http://www.restopolitan.com/en/restaurant/paris-17eme-463/la-cave-lanrezac-466.html";"La Cave Lanrezac";"Bistrot Gourmand";"3, rue Général Lanrezac, 75017 ,Paris";NA
"http://www.restopolitan.com/en/restaurant/paris-19eme-465/le-sari-300007.html";"Le Sari";"Indian";"42, avenue Jean Jaurès, 75019 ,Paris";"48.8835719/2.3738039"
"http://www.restopolitan.com/en/restaurant/nanterre-303/j-m-la-crepe-304302.html";"J'M la Crêpe";"French";"31, rue de Courbevoie, 92000 Nanterre";"48.8945372/2.2105424"
"http://www.restopolitan.com/en/restaurant/paris-8eme-454/mahatma-300995.html";"Mahatma";"Indian";"23, rue Vignon, 75008 ,Paris";"48.8717029/2.3263011"
"http://www.restopolitan.com/en/restaurant/paris-5eme-451/au-port-du-salut-304018.html";"Au Port du Salut";"Gastronomic";"163 bis, rue Saint Jacques , 75005 ,Paris";"48.8513994/2.3458565"
"http://www.restopolitan.com/en/restaurant/antony-381/le-ble-en-scene-antony-303423.html";"Le Blé en Scène - Antony";"Crêperie";"61, avenue de la Division Leclerc, 92160 Antony";"48.7621835/2.2848445"
"http://www.restopolitan.com/en/restaurant/la-varenne-st-hilaire-1293/le-riad-salam-300949.html";"Le Riad Salam";"Moroccan";"101, Quai Winston Churchill , 94210 La Varenne St Hilaire";"48.7996738/2.5219746"
"http://www.restopolitan.com/en/restaurant/montigny-le-bretonneux-1380/mamma-mia-304447.html";"Mamma Mia";"Italian";"29, avenue Erik Satie Centre commercial de la Mare Caillon, 78180 Montigny Le Bretonneux";NA
"http://www.restopolitan.com/en/restaurant/saint-thibault-des-vignes-753/rigatoni-cafe-saint-thibault-des-vignes-302422.html";"Rigatoni Café - Saint-Thibault-des-Vignes";"Italian";"5, rue des Vergers, 77400 Saint Thibault Des Vignes";"48.8690539/2.6813929"
"http://www.restopolitan.com/en/restaurant/chambourcy-1400/city-rock-chambourcy-303241.html";"City Rock - Chambourcy";"French";"15, rue du Chemin Neuf, 78240 Chambourcy";"48.902551/2.0502078"
"http://www.restopolitan.com/en/restaurant/houdan-1495/le-donjon-houdan-302872.html";"Le Donjon - Houdan";"Gastronomic";"14, rue d'Épernon, 78550 Houdan";"48.7881793/1.6030925"
"http://www.restopolitan.com/en/restaurant/les-lilas-1061/le-talus-303758.html";"Le Talus";"French";"7, rue du Pré Saint Gervais, 93260 Les Lilas";"48.8792428/2.4125467"
"http://www.restopolitan.com/en/restaurant/paris-16eme-462/vin-et-maree-16eme-301596.html";"Vin et Marée 16ème";"French";"183, boulevard Murat / 2, rue Daumier, 75016 ,Paris";NA
"http://www.restopolitan.com/en/restaurant/paris-19eme-465/la-table-de-botzaris-301689.html";"La Table de Botzaris";"Gastronomic";"10, rue du Général Brunet, 75019 ,Paris";"48.8805667/2.3909121"
"http://www.restopolitan.com/en/restaurant/paris-15eme-461/ugarit-300392.html";"Ugarit";"Lebanese";"215 rue de la Croix Nivert, 75015 ,Paris";"48.8362361/2.2897234"
"http://www.restopolitan.com/en/restaurant/cergy-1088/city-rock-cergy-303240.html";"City Rock - Cergy";"French";"6, rue du Marché Neuf, 95000 Cergy";NA
"http://www.restopolitan.com/en/restaurant/livry-gargan-1053/filipo-et-co-300068.html";"Filipo & co";"Italian";"4, Avenue Aristide Briand, 93190 Livry Gargan";"48.9163838/2.5314899"
"http://www.restopolitan.com/en/restaurant/paris-8eme-454/la-maree-300222.html";"La Marée";"Gastronomic";"1, rue Daru, 75008 ,Paris";NA
"http://www.restopolitan.com/en/restaurant/levallois-perret-394/le-bistrot-cantine-303707.html";"Le Bistrot Cantine";"Bistrot Gourmand";"50, rue Louis Rouquier, 92300 Levallois Perret";"48.893077/2.2927289"
"http://www.restopolitan.com/en/restaurant/paris-16eme-462/gus-creperie-303491.html";"Gus Creperie";"French";"19, rue Gustave Courbet, 75016 ,Paris";NA
"http://www.restopolitan.com/en/restaurant/paris-10eme-456/mazzucco-304374.html";"Mazzucco";"Italian";"7, rue d'Enghien, 75010 ,Paris";"48.871656/2.3528083"
"http://www.restopolitan.com/en/restaurant/paris-15eme-461/sagar-matha-302521.html";"Sagar Matha";"Indian";"2, rue François Mouthon, 75015 ,Paris";"48.8389593/2.2914833"
"http://www.restopolitan.com/en/restaurant/paris-7eme-453/le-den-300366.html";"Le Den";"Italian";"167, rue de Grenelle, 75007 ,Paris";"48.857498/2.3055382"
"http://www.restopolitan.com/en/restaurant/paris-11eme-457/le-rosmarino-303439.html";"Le Rosmarino";"French";"174 bis Boulevard Voltaire, 75011 ,Paris";"48.8575917/2.3805149"
"http://www.restopolitan.com/en/restaurant/paris-13eme-459/pizza-princesse-304066.html";"Pizza Princesse";"Italian";"40, rue de Tolbiac, 75013 ,Paris";"48.8281175/2.3720106"
"http://www.restopolitan.com/en/restaurant/mantes-la-ville-1392/la-villa-304197.html";"La Villa";"Chinese";"82, boulevard Roger Salengro, 78200 Mantes La Ville";NA
"http://www.restopolitan.com/en/restaurant/paris-17eme-463/makassar-lounge-et-restaurant-29578.html";"Makassar Lounge & Restaurant";"French";"39, avenue de Wagram, 75017 ,Paris";"48.8769976/2.2971047"
"http://www.restopolitan.com/en/restaurant/paris-13eme-459/bellacci-303505.html";"Bellacci";"Italian";"34 avenue Pierre Mendès France, 75013 ,Paris";"48.838514/2.3704605"
"http://www.restopolitan.com/en/restaurant/boulogne-billancourt-374/aoc-radisson-blu-303341.html";"AOC Radisson Blu";"Bistrot Gourmand";"Hôtel Radisson Blu - 33, avenue Édouard Vaillant, 92100 Boulogne Billancourt";NA
"http://www.restopolitan.com/en/restaurant/paris-5eme-451/auberge-notre-dame-300209.html";"Auberge Notre-Dame";"Sea Food";"69, quai de la Tournelle, 75005 ,Paris";"48.8512162/2.35052"
"http://www.restopolitan.com/en/restaurant/paris-3eme-449/khatag-303514.html";"Khatag";"Tibetan";"68 rue Quincampoix, 75003 ,Paris";"48.8619134/2.3509953"
"http://www.restopolitan.com/en/restaurant/paris-17eme-463/saidoune-301234.html";"Saidoune";"Lebanese";"35, rue Legendre, 75017 ,Paris";"48.8847523/2.3151346"
"http://www.restopolitan.com/en/restaurant/paris-8eme-454/le-zafran-300884.html";"Le Zafran";"Indian";"35, rue St Petersbourg, 75008 ,Paris";NA
"http://www.restopolitan.com/en/restaurant/fosses-1185/creperie-de-l-ysieux-300869.html";"Crêperie de l'Ysieux";"Crêperie";"30, rue Jean Jaurès , 95470 Fosses";"49.1000523/2.5194447"
"http://www.restopolitan.com/en/restaurant/paris-17eme-463/first-avenue-303487.html";"First Avenue";"Bistrot Gourmand";"119, boulevard Pereire, 75017 ,Paris";"48.8855102/2.2988695"
"http://www.restopolitan.com/en/restaurant/paris-18eme-464/l-atelier-jules-303169.html";"L'Atelier Jules";"Brewery";"99, rue Ordener, 75018 ,Paris";"48.8930931/2.3402058"
"http://www.restopolitan.com/en/restaurant/paris-8eme-454/le-patio-des-champs-304262.html";"Le Patio des Champs";"French";"26, avenue des Champs-Elysées, 75008 ,Paris";"48.8698327/2.3086072"
"http://www.restopolitan.com/en/restaurant/paris-17eme-463/le-descazeau-302264.html";"Le Descazeau";"French";"37, rue Nollet, 75017 ,Paris";"48.8892539/2.3174029"
"http://www.restopolitan.com/en/restaurant/paris-17eme-463/secret-square-73720.html";"Secret Square";"Gastronomic";"27, avenue des Ternes, 75017 ,Paris";"48.8778494/2.2977728"
"http://www.restopolitan.com/en/restaurant/paris-15eme-461/bateau-le-capitaine-fracasse-301137.html";"Bateau Le Capitaine Fracasse";"Gastronomic";"Ile au Cygnes, Pont de Bir Hakeim, 75015 ,Paris";NA
"http://www.restopolitan.com/en/restaurant/paris-5eme-451/les-gourmands-de-notre-dame-304458.html";"Les Gourmands de Notre-Dame";"Bistrot Gourmand";"1, rue des Grands Degrés, 75005 ,Paris";"48.8512283/2.3500672"
"http://www.restopolitan.com/en/restaurant/saint-fargeau-ponthierry-688/la-storica-303452.html";"La Storica";"Italian";"62 Avenue de Fontainebleau , 77310 Saint Fargeau Ponthierry";"48.5304235/2.5434002"
"http://www.restopolitan.com/en/restaurant/paris-6eme-452/les-bistronautes-304408.html";"Les Bistronautes";"Bistrot Gourmand";"54, rue d'Assas, 75006 ,Paris";"48.8465193/2.3306903"
"http://www.restopolitan.com/en/restaurant/rueil-malmaison-412/chez-lulu-302571.html";"Chez Lulu";"French";"12, place des Impressionnistes, 92500 Rueil Malmaison";"48.88929065/2.16535014962688"
"http://www.restopolitan.com/en/restaurant/paris-12eme-458/jardin-de-l-himalaya-300255.html";"Jardin de l'Himalaya";"Indian";"206, rue du Faubourg Saint Antoine, 75012 ,Paris";"48.8498166/2.3856949"
"http://www.restopolitan.com/en/restaurant/paris-6eme-452/le-lutin-dans-le-jardin-304276.html";"Le Lutin dans le Jardin";"Bistrot Gourmand";"15, rue Gît-le-Coeur, 75006 ,Paris";"48.8535751/2.3425458"
"http://www.restopolitan.com/en/restaurant/la-norville-146/konfusius-la-norville-300233.html";"Konfusius La Norville";"Thai";"20, allée de la Mare Jacob, 91290 La Norville";"48.578352/2.25647823684211"
"http://www.restopolitan.com/en/restaurant/gennevilliers-387/le-zinc-304349.html";"Le Zinc";"Bistrot Gourmand";"101, avenue Louis Roche, 92230 Gennevilliers";"48.9263187/2.3156731"
"http://www.restopolitan.com/en/restaurant/paris-2eme-448/aux-delices-de-la-lune-301444.html";"Aux Délices de la Lune";"French";"38, rue Poissonnière, 75002 ,Paris";"48.8700101/2.3479332"
"http://www.restopolitan.com/en/restaurant/bry-sur-marne-1307/la-grappille-auberge-du-pont-de-bry-304313.html";"La Grappille - Auberge du Pont de Bry";"French";"3, avenue du Général Leclerc, 94360 Bry Sur Marne";"48.83356/2.5192907"
"http://www.restopolitan.com/en/restaurant/malakoff-388/monte-cristo-301384.html";"Monte Cristo";"Italian";"23, rue de la Tour, 92240 Malakoff";"48.8230901/2.3052997"
"http://www.restopolitan.com/en/restaurant/clichy-375/le-sahan-301314.html";"Le Sahan";"Turkish";"42, boulevard Henri Barbusse, 92110 Clichy";NA
"http://www.restopolitan.com/en/restaurant/paris-10eme-456/le-zinc-du-nord-303642.html";"Le Zinc du Nord";"French";"25, rue de Dunkerque, 75010 ,Paris";"48.8799366/2.3540537"
"http://www.restopolitan.com/en/restaurant/paris-17eme-463/la-terrasse-de-villiers-304314.html";"La Terrasse de Villiers";"French";"140, avenue de Villiers, 75017 ,Paris";"48.8854955/2.2939658"
"http://www.restopolitan.com/en/restaurant/asnieres-sur-seine-413/le-modjo-303891.html";"Le Modjo";"Bistrot Gourmand";"37 bis, avenue de la Marne, 92600 Asnières Sur Seine";"48.9064586/2.2816265"
"http://www.restopolitan.com/en/restaurant/paris-14eme-460/r-yves-marriott-rive-gauche-301696.html";"R'Yves - Marriott Rive Gauche";"French";"17, boulevard Saint-Jacques, 75014 ,Paris";"48.8318916/2.3395499"
"http://www.restopolitan.com/en/restaurant/paris-2eme-448/le-titi-qui-tonne-304198.html";"Le Titi Qui Tonne";"Bistrot Gourmand";"7, rue Tiquetonne, 75002 ,Paris";"48.8643922/2.3495404"
"http://www.restopolitan.com/en/restaurant/paris-7eme-453/tante-marguerite-304381.html";"Tante Marguerite";"Gastronomic";"5, rue de Bourgogne, 75007 ,Paris";"48.8600405/2.3182935"
"http://www.restopolitan.com/en/restaurant/paris-12eme-458/bella-tavola-300667.html";"Bella Tavola";"Mexican";"39, Allée Vivaldi, 75012 ,Paris";"48.8416303/2.389747"
"http://www.restopolitan.com/en/restaurant/champigny-sur-marne-1326/taverna-d-umberto-300870.html";"Taverna d'Umberto";"Italian";"35, avenue Roger Salengro, 94500 Champigny Sur Marne";"48.8197299/2.4859028"
"http://www.restopolitan.com/en/restaurant/paris-15eme-461/les-cedres-du-liban-300315.html";"Les Cèdres du Liban";"Lebanese";"5, avenue du Maine, 75015 ,Paris";"48.8445056/2.3203943"
"http://www.restopolitan.com/en/restaurant/paris-18eme-464/il-gusto-303287.html";"Il Gusto";"Italian";"195, rue Championnet, 75018 ,Paris";"48.89399/2.332191"
"http://www.restopolitan.com/en/restaurant/la-varenne-st-hilaire-1293/bamboo-bar-300881.html";"Bamboo Bar";"French";"21 rue Saint Hilaire, 94210 La Varenne St Hilaire";NA
"http://www.restopolitan.com/en/restaurant/paris-9eme-455/restaurant-sannine-302988.html";"Restaurant Sannine";"Lebanese";"32, rue du Faubourg Montmartre, 75009 ,Paris";"48.8738762/2.3426514"
"http://www.restopolitan.com/en/restaurant/les-clayes-sous-bois-1434/la-ferme-de-diane-304121.html";"La Ferme de Diane";"French";"10, rue Henri Prou, 78340 Les Clayes Sous Bois";"48.8212992/1.9743109"
"http://www.restopolitan.com/en/restaurant/paris-15eme-461/restaurant-anooshey-301489.html";"Restaurant Anooshey";"Indian";"214, rue de la Croix Nivert, 75015 ,Paris";"48.8369701/2.2893896"
"http://www.restopolitan.com/en/restaurant/paris-17eme-463/el-picador-304453.html";"El Picador";"Spanish";"80, boulevard des Batignolles, 75017 ,Paris";"48.8819442/2.318691"
"http://www.restopolitan.com/en/restaurant/montrouge-376/l-auberge-calabraise-301423.html";"L'Auberge Calabraise";"Bistrot Gourmand";"65, avenue Aristide Briand, 92120 Montrouge";"48.8168074/2.3258449"
"http://www.restopolitan.com/en/restaurant/paris-1er-447/nodaiwa-48523.html";"Nodaiwa";"Japanese";"272, rue Saint Honoré, 75001 ,Paris";"48.8643669/2.3332403"
"http://www.restopolitan.com/en/restaurant/paris-9eme-455/la-table-des-anges-300178.html";"La Table des Anges";"French";"66, rue des Martyrs, 75009 ,Paris";"48.8810738/2.3401647"
"http://www.restopolitan.com/en/restaurant/boulogne-billancourt-374/86-cote-studios-304112.html";"86 Côté Studios";"Bistrot Gourmand";"86, avenue Jean-Baptiste Clément, 92100 Boulogne Billancourt";"48.8466335/2.2387493"
"http://www.restopolitan.com/en/restaurant/paris-14eme-460/monteleone-304116.html";"Monteleone";"Gastronomic";"68 Bis, avenue Jean Moulin, 75014 ,Paris";"48.8250198/2.3200783"
"http://www.restopolitan.com/en/restaurant/puteaux-416/uni-301255.html";"Uni";"Japanese";"8 square Léon Blum, 92800 Puteaux";"48.8832223/2.2468482"
"http://www.restopolitan.com/en/restaurant/paris-14eme-460/kyo-montparnasse-304019.html";"Kyo Montparnasse";"Japanese";"2, rue de la Gaité, 75014 ,Paris";"48.8409495/2.3245048"
"http://www.restopolitan.com/en/restaurant/paris-7eme-453/da-zagara-303613.html";"Da Zagara";"Italian";"37, avenue Duquesne, 75007 ,Paris";"48.8515887/2.3106463"
"http://www.restopolitan.com/en/restaurant/paris-8eme-454/kok-ping-300476.html";"Kok Ping";"Chinese";"4, rue Balzac, 75008 ,Paris";"48.8730881/2.3001767"
"http://www.restopolitan.com/en/restaurant/montrouge-376/tartines-et-petits-plats-303928.html";"Tartines et Petits Plats";"French";"10, rue Delerue, 92120 Montrouge";"48.8197193/2.3223837"
"http://www.restopolitan.com/en/restaurant/paris-5eme-451/au-doux-raisin-300305.html";"Au Doux Raisin";"Bistrot Gourmand";"29, rue Descartes, 75005 ,Paris";"48.8458176/2.3491984"
"http://www.restopolitan.com/en/restaurant/paris-8eme-454/terres-de-truffes-paris-300636.html";"Terres de Truffes Paris";"Gastronomic";"21, rue Vignon, 75008 ,Paris";"48.8715946/2.3262057"
"http://www.restopolitan.com/en/restaurant/paris-9eme-455/l-inattendu-304272.html";"L'Inattendu";"Bistrot Gourmand";"9 bis, rue Jean-Baptiste Pigalle, 75009 ,Paris";"48.880076/2.3345281"
"http://www.restopolitan.com/en/restaurant/paris-16eme-462/le-bistro-de-longchamp-302123.html";"Le Bistro de Longchamp";"French";"40, rue de Longchamp, 75016 ,Paris";NA
"http://www.restopolitan.com/en/restaurant/paris-16eme-462/meme-en-reve-303509.html";"Même en Rêve";"French";"11 avenue de Versailles, 75016 ,Paris";"48.8505116/2.2774121"
"http://www.restopolitan.com/en/restaurant/paris-1er-447/le-samsar-300256.html";"Le Samsar";"Organic";"33 bis, rue des Bourdonnais, 75001 ,Paris";"48.8600861/2.3452176"
"http://www.restopolitan.com/en/restaurant/paris-11eme-457/crepito-303948.html";"Crépito";"French";"170, avenue Ledru Rollin, 75011 ,Paris";"48.8570099/2.3796088"
"http://www.restopolitan.com/en/restaurant/paris-8eme-454/citrus-etoile-304171.html";"Citrus Etoile";"Gastronomic";"6, rue Arsène Houssaye, 75008 ,Paris";NA
"http://www.restopolitan.com/en/restaurant/paris-20eme-466/au-fond-du-jardin-302835.html";"Au Fond du Jardin";"Bistrot Gourmand";"39, rue Pelleport, 75020 ,Paris";"48.8640907/2.40406683868483"
"http://www.restopolitan.com/en/restaurant/paris-4eme-450/les-sommets-de-l-himalaya-304360.html";"Les Sommets de l'Himalaya";"Indian";"73, rue Saint Martin, 75004 ,Paris";"48.8594199/2.3504365"
"http://www.restopolitan.com/en/restaurant/issy-les-moulineaux-377/o-30-303880.html";"Ô 30";"Bistrot Gourmand";"30, avenue du Bas Meudon, 92130 Issy Les Moulineaux";"48.8223704/2.2460014"
"http://www.restopolitan.com/en/restaurant/paris-6eme-452/royal-raj-mahal-303991.html";"Royal Raj Mahal";"Indian";"41, rue Dauphine, 75006 ,Paris";"48.8544305/2.3391655"
"http://www.restopolitan.com/en/restaurant/paris-5eme-451/le-comptoir-du-5eme-304005.html";"Le Comptoir du 5ème";"Bistrot Gourmand";"1, rue des Grands Degrés, 75005 ,Paris";"48.8512283/2.3500672"
"http://www.restopolitan.com/en/restaurant/paris-11eme-457/l-atelier-des-artistes-304113.html";"L'Atelier des Artistes";"Bistrot Gourmand";"4, rue Rampon, 75011 ,Paris";"48.8661179/2.3669515"
"http://www.restopolitan.com/en/restaurant/paris-5eme-451/antinea-300224.html";"Antinea";"Italian";"18 rue Maître Albert, 75005 ,Paris";"48.8504809/2.3494629"
"http://www.restopolitan.com/en/restaurant/paris-3eme-449/shake-n-smash-304611.html";"Shake N'Smash";"French";"87, rue Turbigo, 75003 ,Paris";NA
"http://www.restopolitan.com/en/restaurant/paris-16eme-462/chez-prunier-301516.html";"Chez Prunier";"Gastronomic";"16, avenue Victor Hugo, 75016 ,Paris";NA
"http://www.restopolitan.com/en/restaurant/saint-mande-1289/le-loft-saint-mande-301030.html";"Le Loft - Saint Mandé";"Kosher";"80, avenue du Général de Gaulle, 94160 Saint Mande";"48.8402597/2.4174746"
"http://www.restopolitan.com/en/restaurant/paris-14eme-460/millesimes-62-304214.html";"Millésimes 62";"Gastronomic";"13-15, place de Catalogne, 75014 ,Paris";"48.8369069/2.3185026"
"http://www.restopolitan.com/en/restaurant/paris-16eme-462/le-spontini-303485.html";"Le Spontini";"French";"11, rue Spontini, 75016 ,Paris";NA
"http://www.restopolitan.com/en/restaurant/asnieres-sur-seine-413/antheor-restaurant-304057.html";"Antheor Restaurant";"French";"Face au 73, quai du Docteur Dervaux, 92600 Asnières Sur Seine";NA
"http://www.restopolitan.com/en/restaurant/paris-9eme-455/la-cantine-marocaine-302013.html";"La Cantine Marocaine";"Moroccan";"23, rue Richer, 75009 ,Paris";"48.8739915/2.3457171"
"http://www.restopolitan.com/en/restaurant/issy-les-moulineaux-377/le-relais-de-baviere-301388.html";"Le Relais de Bavière";"Bistrot Gourmand";"27, rue Danton, 92130 Issy Les Moulineaux";"48.824574/2.270626"
"http://www.restopolitan.com/en/restaurant/paris-17eme-463/l-aperock-304207.html";"L'ApéRock";"French";"7, rue Bayen, 75017 ,Paris";"48.8788007/2.2955088"
"http://www.restopolitan.com/en/restaurant/paris-8eme-454/la-belle-venise-301288.html";"La Belle Venise";"Italian";"3, rue de l'Isly, 75008 ,Paris";"48.8747624/2.3261131"
"http://www.restopolitan.com/en/restaurant/paris-5eme-451/le-reminet-303962.html";"Le Reminet";"Bistrot Gourmand";"3, rue des Grands Degrés, 75005 ,Paris";"48.8512497/2.3499876"
"http://www.restopolitan.com/en/restaurant/provins-587/l-osteria-303374.html";"L'Osteria";"Bistrot Gourmand";"6 Place Honoré de Balzac, 77160 Provins";NA
"http://www.restopolitan.com/en/restaurant/paris-6eme-452/indonesia-304007.html";"Indonesia";"World Food";"12, rue de Vaugirard, 75006 ,Paris";"48.8490807/2.3395938"
"http://www.restopolitan.com/en/restaurant/paris-9eme-455/le-9eme-ciel-art-resto-300448.html";"Le 9ème Ciel - Art Resto";"Italian";"67, rue de Rochechouart, 75009 ,Paris";"48.8808509/2.3463443"
"http://www.restopolitan.com/en/restaurant/paris-11eme-457/le-dix-hotel-crowne-plaza-303930.html";"Le Dix - Hôtel Crowne Plaza";"Gastronomic";"10, place de la République, 75011 ,Paris";"48.8676678/2.3648141"
"http://www.restopolitan.com/en/restaurant/bonneuil-sur-marne-1311/la-marmite-300929.html";"La Marmite";"French";"77, avenue de ,Paris";"48.7359121/1.3710486"
"http://www.restopolitan.com/en/restaurant/jouars-pontchartrain-1558/le-bistro-gourmand-jouars-302638.html";"Le Bistro Gourmand - Jouars";"Bistrot Gourmand";"7, route du Pontel, 78760 Jouars Pontchartrain";NA
"http://www.restopolitan.com/en/restaurant/saint-ouen-l-aumone-1133/del-roma-303925.html";"Del Roma";"Italian";"9, allée des Trois Caravelles, 95310 Saint Ouen L'Aumone";"49.046301/2.1339427"
"http://www.restopolitan.com/en/restaurant/paris-11eme-457/bistrot-beyrouth-302512.html";"Bistrot Beyrouth";"Lebanese";"103, rue de Charonne, 75011 ,Paris";"48.8545826/2.384556"
"http://www.restopolitan.com/en/restaurant/paris-18eme-464/patakrep-303583.html";"PataKrep";"French";"89, rue Duhesme, 75018 ,Paris";"48.8945691/2.3441669"
"http://www.restopolitan.com/en/restaurant/paris-14eme-460/le-bistro-t-304201.html";"Le Bistro T";"Bistrot Gourmand";"17 bis, rue Campagne Première, 75014 ,Paris";"48.8396417/2.3324747"
"http://www.restopolitan.com/en/restaurant/paris-17eme-463/kanon-303307.html";"Kanon";"Brewery";"9, rue du Général Lanrezac, 75017 ,Paris";"48.8764898/2.29412"
"http://www.restopolitan.com/en/restaurant/paris-2eme-448/clyde-303608.html";"Clyde";"Brewery";"36, rue Vivienne, 75002 ,Paris";"48.8707741/2.3411912"
"http://www.restopolitan.com/en/restaurant/paris-17eme-463/scoop-cafe-301334.html";"Scoop Café";"French";"117, rue des Dames, 75017 ,Paris";"48.8826868/2.3171115"
"http://www.restopolitan.com/en/restaurant/sarcelles-1104/le-shine-sarcelles-301115.html";"Le Shine Sarcelles";"Chinese";"83 avenue Paul Valéry, 95200 Sarcelles";"48.9778053/2.3898397"
"http://www.restopolitan.com/en/restaurant/versailles-1336/gandhi-301010.html";"Gandhi";"Indian";"18 rue du Pain , 78000 Versailles";NA
"http://www.restopolitan.com/en/restaurant/paris-9eme-455/la-mannette-drouot-303433.html";"La Mannette Drouot";"Brewery";"11 rue Rossini, 75009 ,Paris";"48.8729574/2.3397222"
"http://www.restopolitan.com/en/restaurant/boulogne-billancourt-374/il-gattopardo-303295.html";"Il Gattopardo";"Italian";"41, rue Carnot, 92100 Boulogne Billancourt";"48.8341469/2.2398456"
"http://www.restopolitan.com/en/restaurant/paris-16eme-462/il-toscano-303465.html";"Il Toscano";"Italian";"42, rue Hamelin, 75016 ,Paris";NA
"http://www.restopolitan.com/en/restaurant/paris-12eme-458/port-louis-302513.html";"Port-Louis";"Bistrot Gourmand";"12, rue Claude Tillier, 75012 ,Paris";"48.8480205/2.3879235"
"http://www.restopolitan.com/en/restaurant/paris-20eme-466/au-metro-des-lilas-303513.html";"Au Métro des Lilas";"French";"261 Avenue Gambetta, 75020 ,Paris";"48.8767912/2.4062714"
"http://www.restopolitan.com/en/restaurant/versailles-1336/rajbari-301950.html";"Rajbari";"Indian";"2, rue Philippe de Dangeau, 78000 Versailles";"48.803665/2.1329144"
"http://www.restopolitan.com/en/restaurant/paris-17eme-463/le-petit-maillot-303563.html";"Le Petit Maillot";"French";"269 boulevard Pereire, 75017 ,Paris";"48.878178/2.2852529"
"http://www.restopolitan.com/en/restaurant/paris-15eme-461/la-petite-bretagne-302327.html";"La Petite Bretagne";"Bistrot Gourmand";"20, rue du Cotentin, 75015 ,Paris";"48.8387497/2.3150044"
"http://www.restopolitan.com/en/restaurant/paris-15eme-461/les-cevennes-303863.html";"Les Cévennes";"French";"55, rue des Cévennes, 75015 ,Paris";"48.8428399/2.2799324"
"http://www.restopolitan.com/en/restaurant/paris-3eme-449/chacha-et-compagnie-304573.html";"Chacha & Compagnie";"Sea Food";"6, rue Brantôme, 75003 ,Paris";"48.8617044/2.3528073"
"http://www.restopolitan.com/en/restaurant/paris-9eme-455/nero-e-rosso-304041.html";"Nero e Rosso";"Italian";"10, rue Rougemont, 75009 ,Paris";NA
"http://www.restopolitan.com/en/restaurant/paris-15eme-461/le-un-bistrot-gourmand-304353.html";"Le Un Bistrot Gourmand";"Bistrot Gourmand";"1, rue Lefebvre, 75015 ,Paris";"48.8317558/2.2924243"
"http://www.restopolitan.com/en/restaurant/suresnes-380/les-marines-304530.html";"Les Marines";"Gastronomic";"37, rue Emile Zola , 92150 Suresnes";"48.8697774/2.2267665"
"http://www.restopolitan.com/en/restaurant/paris-5eme-451/rumeurs-303947.html";"Rumeurs";"French";"34, rue des Ecoles, 75005 ,Paris";"48.8491111/2.3470276"
"http://www.restopolitan.com/en/restaurant/paris-9eme-455/new-song-tian-302028.html";"New Song Tian";"Japanese";"13, rue du Faubourg Poissonnière, 75009 ,Paris";"48.8766355/2.34868"
"http://www.restopolitan.com/en/restaurant/paris-15eme-461/les-vignes-du-liban-300316.html";"Les Vignes du Liban";"Lebanese";"291, rue de Vaugirard, 75015 ,Paris";"48.839282/2.300752"
"http://www.restopolitan.com/en/restaurant/courbevoie-407/casa-corleone-303761.html";"Casa Corleone";"Italian";"89, avenue Marceau, 92400 Courbevoie";"48.9000597/2.2452637"
"http://www.restopolitan.com/en/restaurant/grisy-les-platres-1268/auberge-du-saint-graal-303922.html";"Auberge du Saint Graal";"Bistrot Gourmand";"3, place du Soleil Levant, 95810 Grisy Les Platres";NA
"http://www.restopolitan.com/en/restaurant/paris-8eme-454/cafe-michel-angelo-304612.html";"Café Michel Angelo";"Italian";"87, boulevard Haussmann, 75008 ,Paris";"48.874455/2.320929"
"http://www.restopolitan.com/en/restaurant/montreuil-1044/gujarat-302699.html";"Gujarat";"Indian";"35, boulevard Paul Vaillant Couturier, 93100 Montreuil";"48.8650794/2.4431141"
"http://www.restopolitan.com/en/restaurant/paris-10eme-456/yushan-fang-303927.html";"Yushan Fang";"Chinese";"32, rue d'Hauteville, 75010 ,Paris";"48.8730093/2.350357"
"http://www.restopolitan.com/en/restaurant/paris-14eme-460/restaurant-o-40-304161.html";"Restaurant Ô 40";"Gastronomic";"40, rue du Commandant Mouchotte, 75014 ,Paris";NA
"http://www.restopolitan.com/en/restaurant/paris-17eme-463/la-sicilia-303492.html";"La Sicilia";"Italian";"119, rue des Dames, 75017 ,Paris";"48.8826107/2.3168984"
"http://www.restopolitan.com/en/restaurant/paris-17eme-463/casa-italia-17e-302515.html";"Casa Italia 17e";"Italian";"16, boulevard Gouvion Saint-Cyr, 75017 ,Paris";"48.8846111/2.2896522"
"http://www.restopolitan.com/en/restaurant/saint-denis-1054/le-saint-fiacre-303126.html";"Le Saint-Fiacre";"French";"111, avenue du Président Wilson, 93200 Saint Denis";"48.9257782/2.3571699"
"http://www.restopolitan.com/en/restaurant/suresnes-380/sonargaon-92-300548.html";"Sonargaon 92";"Indian";"18, boulevard Aristide Briand, 92150 Suresnes";"48.8629893/2.2036028"
"http://www.restopolitan.com/en/restaurant/paris-17eme-463/cap-paris-302500.html";"Cap - Paris";"Gastronomic";"42, boulevard Pereire, 75017 ,Paris";"48.88782/2.30598"
"http://www.restopolitan.com/en/restaurant/paris-18eme-464/le-tracteur-rouge-304517.html";"Le Tracteur Rouge";"Bistrot Gourmand";"41, rue Caulaincourt, 75018 ,Paris";"48.8889248/2.3343299"
"http://www.restopolitan.com/en/restaurant/paris-8eme-454/l-envue-304384.html";"L'Envue";"French";"39, rue Boissy d'Anglas, 75008 ,Paris";"48.8699281/2.3223764"
"http://www.restopolitan.com/en/restaurant/paris-18eme-464/le-gabin-300196.html";"Le Gabin";"Bistrot Gourmand";"25 rue Lambert, 75018 ,Paris";"48.888703/2.3457239"
"http://www.restopolitan.com/en/restaurant/paris-12eme-458/le-shiva-paris-302504.html";"Le Shiva - Paris";"Indian";"4, rue du Tahiti , 75012 ,Paris";NA
"http://www.restopolitan.com/en/restaurant/bry-sur-marne-1307/sucre-sale-bry-sur-marne-301421.html";"Sucré Salé Bry Sur Marne";"French";"19 bis, boulevard Jean Monnet, 94360 Bry Sur Marne";"48.8294984/2.5295687"
"http://www.restopolitan.com/en/restaurant/vanves-382/creperie-les-abers-303933.html";"Crêperie les Abers";"French";"55, rue Jean Jaurès, 92170 Vanves";"48.8250314/2.2937297"
"http://www.restopolitan.com/en/restaurant/paris-17eme-463/zerda-cafe-paris-17-303886.html";"Zerda Café Paris 17";"Eastern";"125, rue de Tocqueville, 75017 ,Paris";"48.889336/2.304936"
"http://www.restopolitan.com/en/restaurant/rueil-malmaison-412/tutti-frutti-rueil-malmaison-301368.html";"Tutti Frutti - Rueil Malmaison";"Italian";"106, avenue Albert Ier, 92500 Rueil Malmaison";NA
"http://www.restopolitan.com/en/restaurant/herblay-1106/23eme-avenue-303760.html";"23ème Avenue";"French";"23, rue de ,Paris";"46.1716267/1.8687254"
"http://www.restopolitan.com/en/restaurant/eragny-1220/rigatoni-cafe-eragny-302423.html";"Rigatoni Café - Eragny";"Italian";"Le Clos Santeuil - ZAC du Plateau d'Eragny - RN 184, 95610 Eragny";NA
"http://www.restopolitan.com/en/restaurant/saint-maur-des-fosses-1283/ilha-tropical-300983.html";"Ilha Tropical";"Meat and Grill";"9-11, avenue de l'Alma, 94100 Saint Maur Des Fosses";NA
"http://www.restopolitan.com/en/restaurant/champigny-sur-marne-1326/le-royal-prince-300832.html";"Le Royal Prince";"Indian";"41 rue Jean Jaurès , 94500 Champigny Sur Marne";"48.8139908/2.50933"
"http://www.restopolitan.com/en/restaurant/paris-6eme-452/dilettantes-304473.html";"Dilettantes";"Bar à vins";"22, rue de Savoie, 75006 ,Paris";"48.8544032/2.3409489"
"http://www.restopolitan.com/en/restaurant/paris-11eme-457/wall-street-bar-303641.html";"Wall Street Bar";"Bistrot Gourmand";"17, avenue Parmentier, 75011 ,Paris";"48.8603549/2.3783594"
"http://www.restopolitan.com/en/restaurant/rosny-sous-bois-1045/rigatoni-cafe-rosny-302419.html";"Rigatoni Café - Rosny";"Italian";"27, rue Jules Ferry , 93110 Rosny Sous Bois";NA
"http://www.restopolitan.com/en/restaurant/paris-15eme-461/l-oasis-paris-15eme-303567.html";"L'Oasis - Paris 15ème";"Moroccan";"19 rue Ferdinand Fabre , 75015 ,Paris";"48.8382114/2.297421"
"http://www.restopolitan.com/en/restaurant/pontault-combault-714/le-relais-de-pontault-300847.html";"Le Relais de Pontault";"French";"9, route de ,Paris";"51.1747886/6.8330778"
"http://www.restopolitan.com/en/restaurant/paris-5eme-451/le-maharajah-paris-303967.html";"Le Maharajah - Paris";"Indian";"72, boulevard Saint Germain, 75005 ,Paris";"48.8506009/2.3470023"
"http://www.restopolitan.com/en/restaurant/paris-9eme-455/le-comptoir-baulois-304103.html";"Le Comptoir Baulois";"Bistrot Gourmand";"34, rue Godot de Mauroy, 75009 ,Paris";"48.8722541/2.3274747"
"http://www.restopolitan.com/en/restaurant/paris-3eme-449/le-bistrot-de-la-gaite-302174.html";"Le Bistrot de la Gaité";"Bistrot Gourmand";"7, rue Papin, 75003 ,Paris";"48.8669153/2.3532397"
"http://www.restopolitan.com/en/restaurant/paris-1er-447/pizza-wawa-300071.html";"Pizza Wawa";"Italian";"35, rue Saint-Honoré, 75001 ,Paris";"48.860705/2.345603"
"http://www.restopolitan.com/en/restaurant/paris-17eme-463/tropicalia-303449.html";"Tropicalia";"World Food";"114 Bis Rue des Moines , 75017 ,Paris";"48.8918981/2.3221095"
"http://www.restopolitan.com/en/restaurant/saint-cyr-l-ecole-1396/les-saveurs-du-maroc-303132.html";"Les Saveurs du Maroc";"Moroccan";"18, rue Émile Zola, 78210 Saint Cyr L'Ecole";"48.7981568/2.0641124"
"http://www.restopolitan.com/en/restaurant/paris-16eme-462/ye-s-304614.html";"YE'S";"Bistrot Gourmand";"23, rue Saint-Didier, 75016 ,Paris";NA
"http://www.restopolitan.com/en/restaurant/la-varenne-st-hilaire-1293/la-rose-des-sables-la-varenne-st-hilaire-300964.html";"La Rose des Sables - La Varenne St Hilaire";"World Food";"171, quai de Bonneuil, 94210 La Varenne St Hilaire";NA
"http://www.restopolitan.com/en/restaurant/paris-17eme-463/le-shine-paris-301114.html";"Le Shine Paris";"Chinese";"78 avenue des Ternes, 75017 ,Paris";"48.8799369/2.2893467"
"http://www.restopolitan.com/en/restaurant/limay-1487/au-vieux-pecheur-302950.html";"Au Vieux Pêcheur";"French";"5, quai Albert 1er, 78520 Limay";NA
"http://www.restopolitan.com/en/restaurant/paris-5eme-451/bistrot-agapes-304128.html";"Bistrot Agapes";"Bistrot Gourmand";"47 bis, rue Poliveau , 75005 ,Paris";"48.8399885/2.3581254"
"http://www.restopolitan.com/en/restaurant/paris-17eme-463/ward-300407.html";"Ward";"Lebanese";"11 rue du Débarcadère, 75017 ,Paris";"48.8778847/2.2862943"
"http://www.restopolitan.com/en/restaurant/malakoff-388/luckey-301383.html";"Luckey";"Indian";"15, ter rue Danicourt, 92240 Malakoff";"48.8199503/2.3053464"
"http://www.restopolitan.com/en/restaurant/vincennes-1302/thaun-kroun-300480.html";"Thaun Kroûn";"Thai";"26, rue George Huchon , 94300 Vincennes";NA
"http://www.restopolitan.com/en/restaurant/boulogne-billancourt-374/pile-ca-!-304157.html";"Pile ça !";"French";"65, rue de la Reine, 92100 Boulogne Billancourt";NA
"http://www.restopolitan.com/en/restaurant/paris-16eme-462/la-brasserie-italienne-303506.html";"La Brasserie Italienne";"Italian";"73, avenue Kléber, 75016 ,Paris";NA
"http://www.restopolitan.com/en/restaurant/saint-ouen-1074/chez-serge-302306.html";"Chez Serge";"Bistrot Gourmand";"7, boulevard Jean Jaurès, 93400 Saint Ouen";"48.9124774/2.3343273"
"http://www.restopolitan.com/en/restaurant/rolleboise-1421/le-domaine-de-la-corniche-303077.html";"Le Domaine de la Corniche";"Gastronomic";"5, route de la Corniche, 78270 Rolleboise";NA
"http://www.restopolitan.com/en/restaurant/paris-20eme-466/chez-luna-303322.html";"Chez Luna";"Bistrot Gourmand";"108, rue Ménilmontant, 75020 ,Paris";"48.8546278/2.40390026529851"
"http://www.restopolitan.com/en/restaurant/paris-6eme-452/invictus-303988.html";"Invictus";"Gastronomic";"5, rue Sainte-Beuve, 75006 ,Paris";"48.8441013/2.3297404"
"http://www.restopolitan.com/en/restaurant/ivry-sur-seine-1292/le-libertalia-301337.html";"Le Libertalia";"French";"Quai N°6 Jean Compagnon, 94200 Ivry Sur Seine";NA
"http://www.restopolitan.com/en/restaurant/paris-6eme-452/pdg-rive-gauche-301532.html";"PDG Rive Gauche";"Meat and Grill";"5, rue du Dragon, 75006 ,Paris";"48.8536326/2.3312411"
"http://www.restopolitan.com/en/restaurant/paris-5eme-451/la-bouteille-d-or-300451.html";"La Bouteille d'Or";"Gastronomic";"9, Quai de Montebello, 75005 ,Paris";"48.8515559/2.349681"
"http://www.restopolitan.com/en/restaurant/neuilly-sur-seine-384/durand-dupont-302207.html";"Durand Dupont";"Gastronomic";"14, place du Marché, 92200 Neuilly Sur Seine";"48.8807576/2.275608"
"http://www.restopolitan.com/en/restaurant/paris-13eme-459/el-walisse-303998.html";"El Walisse";"World Food";"105, rue de Tolbiac, 75013 ,Paris";"48.8265807/2.3647428"
"http://www.restopolitan.com/en/restaurant/paris-17eme-463/le-triomphe-303495.html";"Le Triomphe";"French";"8, avenue de la Grande Armée, 75017 ,Paris";"48.8748214/2.2928554"
"http://www.restopolitan.com/en/restaurant/paris-6eme-452/la-pergola-bistrot-304307.html";"La Pergola Bistrot";"Southwest";"43, rue Mazarine, 75006 ,Paris";"48.8540496/2.3383168"
"http://www.restopolitan.com/en/restaurant/paris-11eme-457/au-cadran-voltaire-304039.html";"Au Cadran Voltaire";"French";"109, boulevard Voltaire, 75011 ,Paris";"48.8575735/2.3808066"
"http://www.restopolitan.com/en/restaurant/paris-17eme-463/resto-des-dames-301331.html";"Resto des Dames";"World Food";"25, rue des Dames , 75017 ,Paris";"48.8844255/2.3242819"
"http://www.restopolitan.com/en/restaurant/montigny-le-bretonneux-1380/shahi-qila-303135.html";"Shahi Qila";"Indian";"3, avenue du Manet, 78180 Montigny Le Bretonneux";"48.7683831/2.0237342"
"http://www.restopolitan.com/en/restaurant/montigny-le-bretonneux-1380/live-et-life-caffe-301554.html";"Live & Life Caffè";"Bistrot Gourmand";"3, rue Jean-Pierre Timbaud, 78180 Montigny Le Bretonneux";"48.7916757/2.035546"
"http://www.restopolitan.com/en/restaurant/paris-6eme-452/un-dimanche-a-paris-304296.html";"Un Dimanche à Paris";"French";"4-6-8, cour du Commerce Saint André, 75006 ,Paris";"48.8526908/2.3388752"
"http://www.restopolitan.com/en/restaurant/saint-denis-1054/chez-rochette-303114.html";"Chez Rochette";"French";"20, rue Gabriel Péri, 93200 Saint Denis";"48.9317896/2.3561165"
"http://www.restopolitan.com/en/restaurant/paris-11eme-457/mamie-tevennec-303989.html";"Mamie Tevennec";"French";"41, rue Faidherbe, 75011 ,Paris";"48.8535924/2.3824174"
"http://www.restopolitan.com/en/restaurant/paris-17eme-463/la-p-tite-cuisine-303466.html";"La P'tite Cuisine";"Bistrot Gourmand";"23, rue Poncelet, 75017 ,Paris";"48.8794259/2.2976208"
"http://www.restopolitan.com/en/restaurant/boulogne-billancourt-374/cafe-cote-rive-304631.html";"Café Côté Rive";"Brewery";"284, boulevard Jean Jaurès, 92100 Boulogne Billancourt";"48.8399519/2.2399162"
"http://www.restopolitan.com/en/restaurant/paris-7eme-453/mucha-cafe-300004.html";"Mucha Café";"Brewery";"227 Boulevard Saint-Germain, 75007 ,Paris";"48.8584763/2.3229172"
"http://www.restopolitan.com/en/restaurant/coulommiers-519/aux-delices-de-l-inde-300822.html";"Aux Delices de l'Inde";"Indian";"7 rue General Leclerc, 77120 Coulommiers";NA
"http://www.restopolitan.com/en/restaurant/paris-5eme-451/les-galandines-304459.html";"Les Galandines";"Crêperie";"57, rue Galande, 75005 ,Paris";"48.8516494/2.3469102"
"http://www.restopolitan.com/en/restaurant/paris-16eme-462/le-relais-d-auteuil-pignol-304604.html";"Le Relais d'Auteuil Pignol";"French";"31, boulevard Murat, 75016 ,Paris";"48.844967/2.2575843"
"http://www.restopolitan.com/en/restaurant/paris-6eme-452/aux-2-oliviers-300012.html";"Aux 2 Oliviers";"Bistrot Gourmand";"22, rue de Vaugirard, 75006 ,Paris";"48.8492908/2.3380358"
"http://www.restopolitan.com/en/restaurant/paris-20eme-466/jaisalmer-301817.html";"Jaisalmer";"Indian";"11, avenue du Père Lachaise, 75020 ,Paris";"48.864134/2.3976481"
"http://www.restopolitan.com/en/restaurant/la-defense-100000/l-italian-lounge-sofitel-la-defense-304350.html";"L'Italian Lounge - Sofitel La Défense";"Gastronomic";"34, cours Michelet, 92400 La Défense";NA
"http://www.restopolitan.com/en/restaurant/paris-17eme-463/taj-indien-302453.html";"Taj Indien";"Indian";"48, rue de la Jonquière, 75017 ,Paris";"48.8935918/2.3230817"
"http://www.restopolitan.com/en/restaurant/paris-20eme-466/rajib-mahal-302511.html";"Rajib Mahal";"Organic";"86, boulevard de Charonne, 75020 ,Paris";"48.8532477/2.3972589"
"http://www.restopolitan.com/en/restaurant/paris-18eme-464/aangan-saveur-de-l-inde-303223.html";"Aangan Saveur de l'Inde";"Indian";"2, rue Eugène Carrière, 75018 ,Paris";"48.8886693/2.3319909"
"http://www.restopolitan.com/en/restaurant/paris-17eme-463/la-provence-303557.html";"La Provence";"Italian";"45 rue Brochant, 75017 ,Paris";"48.8904123/2.319775"
"http://www.restopolitan.com/en/restaurant/montmorency-1098/les-coudes-sur-la-table-304237.html";"Les Coudes sur la Table";"Bistrot Gourmand";"146, avenue de la Division Leclerc, 95160 Montmorency";NA
"http://www.restopolitan.com/en/restaurant/fontenay-le-fleury-1433/le-restotheatre-304122.html";"Le Restothéâtre";"French";"Place du 8 Mai 1945, 78330 Fontenay Le Fleury";"48.8112954/2.0448019"
"http://www.restopolitan.com/en/restaurant/paris-19eme-465/yuvraj-303432.html";"Yuvraj";"Indian";"136, rue Crimée, 75019 ,Paris";NA
"http://www.restopolitan.com/en/restaurant/jouy-le-moutier-1126/pizzeria-da-mario-303140.html";"Pizzeria Da Mario";"Italian";"7, rue Maurice Ravel, 95280 Jouy Le Moutier";"49.0109728/2.0284857"
"http://www.restopolitan.com/en/restaurant/issy-les-moulineaux-377/cote-en-bouche-300889.html";"Côté en Bouche";"Bistrot Gourmand";"7, rue André-Chénier, 92130 Issy Les Moulineaux";"48.8218923/2.2705759"
"http://www.restopolitan.com/en/restaurant/paris-11eme-457/la-ravigote-301231.html";"La Ravigote";"Bistrot Gourmand";"41, rue de Montreuil, 75011 ,Paris";"48.8504896/2.3879167"
"http://www.restopolitan.com/en/restaurant/paris-11eme-457/les-passagers-de-beyrouth-303803.html";"Les Passagers de Beyrouth";"Lebanese";"18, passage de la Bonne Graine, 75011 ,Paris";"48.8522994/2.3771804"
"http://www.restopolitan.com/en/restaurant/paris-5eme-451/le-bistrot-italien-paris-300208.html";"Le Bistrot Italien - Paris";"Bistrot Gourmand";"1, place de la Contrescarpe, 75005 ,Paris";"48.8445243/2.3496508"
"http://www.restopolitan.com/en/restaurant/paris-9eme-455/l-opera-restaurant-304574.html";"L'Opéra Restaurant";"French";"Palais Garnier Place Jacques Rouché, 75009 ,Paris";"48.8720949/2.3323339"
"http://www.restopolitan.com/en/restaurant/paris-13eme-459/variations-303987.html";"Variations";"Gastronomic";"18, rue des Wallons, 75013 ,Paris";"48.8387085/2.359691"
"http://www.restopolitan.com/en/restaurant/paris-9eme-455/la-cantine-d-eugene-hotel-eugene-en-ville-302279.html";"La Cantine d'Eugène - Hôtel Eugène en Ville";"Bistrot Gourmand";"6, rue Buffault, 75009 ,Paris";"48.8750388/2.3416153"
"http://www.restopolitan.com/en/restaurant/paris-12eme-458/le-millau-303952.html";"Le Millau";"Bistrot Gourmand";"7, rue du Rendez-Vous, 75012 ,Paris";"48.8451767/2.4043841"
"http://www.restopolitan.com/en/restaurant/clichy-375/l-express-301325.html";"L'Express";"French";"114, rue Martre, 92110 Clichy";"48.9068601/2.3025478"
"http://www.restopolitan.com/en/restaurant/paris-18eme-464/cafe-de-la-piscine-303226.html";"Café de la Piscine";"French";"5, place Hébert, 75018 ,Paris";"48.8931063/2.3635544"
"http://www.restopolitan.com/en/restaurant/paris-15eme-461/la-cantine-des-tontons-301772.html";"La Cantine des Tontons";"Bistrot Gourmand";"36, rue de Dantzig, 75015 ,Paris";"48.8333715/2.2984279"
"http://www.restopolitan.com/en/restaurant/paris-16eme-462/le-galion-63626.html";"Le Galion";"Bistrot Gourmand";"10, allée du Bord de l'Eau, 75016 ,Paris";NA
"http://www.restopolitan.com/en/restaurant/paris-8eme-454/l-orriu-di-beauvau-304035.html";"L'Orriu di Beauvau";"Corse";"4, rue des Saussaies, 75008 ,Paris";"48.8711261/2.3169531"
"http://www.restopolitan.com/en/restaurant/levallois-perret-394/l-amethystos-303968.html";"L'Amethystos";"Greek";"81, rue Chaptal, 92300 Levallois Perret";"48.889086/2.2832613"
"http://www.restopolitan.com/en/restaurant/paris-9eme-455/le-bar-lindbergh-304144.html";"Le Bar Lindbergh";"Bistrot Gourmand";"16, boulevard Haussmann, 75009 ,Paris";"48.8726082/2.3366637"
"http://www.restopolitan.com/en/restaurant/paris-10eme-456/piccola-italia-304167.html";"Piccola Italia";"Italian";"4, rue de Saint Quentin, 75010 ,Paris";"48.8773327/2.3554868"
"http://www.restopolitan.com/en/restaurant/paris-9eme-455/le-marclee-304472.html";"Le Marclee";"Chinese";"10, rue Saulnier, 75009 ,Paris";"48.8749507/2.3444377"
"http://www.restopolitan.com/en/restaurant/paris-14eme-460/vin-et-maree-14eme-300275.html";"Vin et Marée 14ème";"French";"108, avenue du Maine, 75014 ,Paris";"48.836553/2.323062"
"http://www.restopolitan.com/en/restaurant/paris-7eme-453/bistrot-chez-france-304145.html";"Bistrot Chez France";"Bistrot Gourmand";"9, rue Amélie, 75007 ,Paris";"48.8590708/2.3075566"
"http://www.restopolitan.com/en/restaurant/paris-12eme-458/a-la-fregate-300530.html";"À la Frégate";"Bistrot Gourmand";"30, avenue Ledru Rollin, 75012 ,Paris";"48.8480758/2.3715798"
"http://www.restopolitan.com/en/restaurant/paris-13eme-459/tra-amici-304060.html";"Tra Amici";"Italian";"110, rue Léon-Maurice Nordmann, 75013 ,Paris";"48.8336333/2.342895"
"http://www.restopolitan.com/en/restaurant/maurepas-1429/la-tonnelle-303134.html";"La Tonnelle";"French";"1, rond-point Pariwest, 78310 Maurepas";NA
"http://www.restopolitan.com/en/restaurant/saint-brice-sous-foret-1140/rigatoni-cafe-saint-brice-302420.html";"Rigatoni Café - Saint-Brice";"Italian";"Angle RN1/CD125, 95350 Saint Brice Sous Forêt";NA
"http://www.restopolitan.com/en/restaurant/savigny-sur-orge-227/au-patio-300400.html";"Au Patio";"French";"36 bis Boulebard Aristide Briand, 91600 Savigny Sur Orge";NA
"http://www.restopolitan.com/en/restaurant/paris-1er-447/1-place-vendome-303926.html";"1 Place Vendôme";"Gastronomic";"1, place Vendôme, 75001 ,Paris";"48.8667501/2.3284986"
"http://www.restopolitan.com/en/restaurant/paris-8eme-454/le-gout-the-301330.html";"Le Goût-Thé";"Bistrot Gourmand";"21, rue de la Boétie, 75008 ,Paris";NA
"http://www.restopolitan.com/en/restaurant/paris-12eme-458/ristorante-mastroianni-300596.html";"Ristorante Mastroianni";"Italian";"52 rue de Bercy, 75012 ,Paris";"48.8373419/2.3834301"
"http://www.restopolitan.com/en/restaurant/levallois-perret-394/la-romana-levallois-perret-301296.html";"La Romana - Levallois-Perret";"Bistrot Gourmand";"29, rue Gabriel Péri, 92300 Levallois Perret";"48.8913817/2.2883439"
"http://www.restopolitan.com/en/restaurant/paris-17eme-463/anis-303445.html";"Anis";"Lebanese";"100 rue Cardinet, 75017 ,Paris";"48.8852264/2.3111324"
"http://www.restopolitan.com/en/restaurant/paris-8eme-454/tante-louise-304382.html";"Tante Louise";"Gastronomic";"41, rue Boissy d'Anglas, 75008 ,Paris";"48.870077/2.3223918"
"http://www.restopolitan.com/en/restaurant/paris-8eme-454/cafe-mode-304531.html";"Café Mode";"Bistrot Gourmand";"24, rue François 1er, 75008 ,Paris";"48.8674653/2.3057951"
"http://www.restopolitan.com/en/restaurant/paris-5eme-451/safran-paris-300008.html";"Safran - Paris";"Indian";"13, rue de la Harpe, 75005 ,Paris";"48.852638/2.3446981"
"http://www.restopolitan.com/en/restaurant/paris-15eme-461/la-table-libanaise-300218.html";"La Table Libanaise";"Lebanese";"25, rue Oscar Roty, 75015 ,Paris";"48.8418541/2.288413"
"http://www.restopolitan.com/en/restaurant/la-garenne-colombes-389/bar-a-pintxos-303969.html";"Bar A PintXos";"Tapas";"34, rue Lucien Jeannin, 92250 La Garenne Colombes";"48.9054768/2.2413489"
"http://www.restopolitan.com/en/restaurant/paris-9eme-455/tea-follies-304375.html";"Tea Follies";"Bistrot Gourmand";"6, place Gustave Toudouze, 75009 ,Paris";"48.8796832/2.3373618"
"http://www.restopolitan.com/en/restaurant/pontoise-1132/santa-marina-303163.html";"Santa Marina";"Italian";"24, rue Hôtel-Dieu, 95300 Pontoise";NA
"http://www.restopolitan.com/en/restaurant/paris-14eme-460/chez-pierrot-bistrot-xiv-304165.html";"Chez Pierrot Bistrot XIV";"Bistrot Gourmand";"90, boulevard Brune, 75014 ,Paris";"48.8250261/2.3165777"
"http://www.restopolitan.com/en/restaurant/massy-148/rigatoni-cafe-massy-302418.html";"Rigatoni Café - Massy";"Italian";"3, avenue du Bel Air , 91300 Massy";"48.7301193/2.301224"
"http://www.restopolitan.com/en/restaurant/fosses-1185/le-bistrot-du-serval-300937.html";"Le Bistrot du Serval";"Bistrot Gourmand";"Départementale 922 Cc Leclerc, 95470 Fosses";NA
"http://www.restopolitan.com/en/restaurant/paris-9eme-455/le-paris-marrakech-300136.html";"Le Paris-Marrakech";"Moroccan";"3, rue Papillon, 75009 ,Paris";"48.8761115/2.347325"
"http://www.restopolitan.com/en/restaurant/paris-12eme-458/ginza-2-300533.html";"Ginza 2";"Japanese";"24, rue Traversière, 75012 ,Paris";"48.8470649/2.3726811"
"http://www.restopolitan.com/en/restaurant/paris-14eme-460/l-entree-des-artistes-300487.html";"L'Entrée des Artistes";"Bistrot Gourmand";"1, impasse de la Gaité, 75014 ,Paris";"48.8405523/2.3247"
"http://www.restopolitan.com/en/restaurant/paris-17eme-463/aux-des-cales-304555.html";"Aux Dés Calés";"Bistrot Gourmand";"181, rue Legendre, 75017 ,Paris";"48.8910324/2.3252198"
"http://www.restopolitan.com/en/restaurant/puteaux-416/new-taj-mahal-301271.html";"New Taj Mahal";"Indian";"1 rue Arago, 92800 Puteaux";"48.8839196/2.2445617"
"http://www.restopolitan.com/en/restaurant/paris-4eme-450/les-cyclades-303992.html";"Les Cyclades";"Greek";"88, rue Saint Martin, 75004 ,Paris";"48.8596778/2.350709"
"http://www.restopolitan.com/en/restaurant/paris-7eme-453/gemini-303456.html";"Gemini";"Bistrot Gourmand";"83 rue Vaneau, 75007 ,Paris";"48.8487718/2.3204692"
"http://www.restopolitan.com/en/restaurant/paris-1er-447/flottes-304338.html";"Flottes";"French";"2, rue Cambon, 75001 ,Paris";"48.866157/2.325163"
"http://www.restopolitan.com/en/restaurant/paris-11eme-457/le-diamant-de-paris-301836.html";"Le Diamant de Paris";"Bistrot Gourmand";"59, rue servan, 75011 ,Paris";"48.8630351/2.3816054"
"http://www.restopolitan.com/en/restaurant/issy-les-moulineaux-377/le-mediterranee-303881.html";"Le Méditerranée";"Lebanese";"40 bis, rue Ernest Renan, 92130 Issy Les Moulineaux";"48.8275821/2.2803244"
"http://www.restopolitan.com/en/restaurant/paris-2eme-448/domaine-de-lintillac-paris-2eme-302696.html";"Domaine de Lintillac - Paris 2ème";"Bistrot Gourmand";"10, rue Saint-Augustin, 75002 ,Paris";"48.8689227/2.3371355"
"http://www.restopolitan.com/en/restaurant/paris-8eme-454/au-bois-d-acacia-301293.html";"Au Bois d'Acacia";"Lebanese";"17, rue de Constantinople, 75008 ,Paris";"48.8799635/2.3202194"
"http://www.restopolitan.com/en/restaurant/paris-13eme-459/le-central-paris-304248.html";"Le Central - Paris";"French";"122, rue de Tolbiac, 75013 ,Paris";"48.8262625/2.3602556"
"http://www.restopolitan.com/en/restaurant/paris-3eme-449/1-k-304173.html";"1 K";"Gastronomic";"13, boulevard du Temple, 75003 ,Paris";"48.8639586/2.3659619"
"http://www.restopolitan.com/en/restaurant/paris-1er-447/les-merveilles-du-maroc-303450.html";"Les Merveilles du Maroc";"Moroccan";"35, Rue Mauconseil, 75001 ,Paris";"48.8640575/2.3468974"
"http://www.restopolitan.com/en/restaurant/boulogne-billancourt-374/controvento-304208.html";"Controvento";"Italian";"81, avenue Pierre Grenier, 92100 Boulogne Billancourt";"48.833419/2.253846"
"http://www.restopolitan.com/en/restaurant/paris-19eme-465/le-bar-de-l-ourcq-303859.html";"Le Bar de l'Ourcq";"French";"159, avenue Jean Jaurès, 75019 ,Paris";"48.8872177/2.3865395"
"http://www.restopolitan.com/en/restaurant/paris-9eme-455/le-nouveau-paris-dakar-303511.html";"Le Nouveau Paris - Dakar";"African";"11 rue de Montyon, 75009 ,Paris";"48.8730513/2.3440207"
"http://www.restopolitan.com/en/restaurant/paris-11eme-457/borgo-paris-bistrot-304454.html";"Borgo - Paris Bistrot";"Italian";"4, rue du Grand Prieuré, 75011 ,Paris";"48.8648015/2.3692738"
"http://www.restopolitan.com/en/restaurant/paris-8eme-454/miam-303937.html";"Miam";"Bistrot Gourmand";"72, boulevard Malesherbes, 75008 ,Paris";"48.8788953/2.3152373"
"http://www.restopolitan.com/en/restaurant/paris-16eme-462/casa-paco-300378.html";"Casa Paco";"Spanish";"13, rue de Bassano, 75016 ,Paris";NA
"http://www.restopolitan.com/en/restaurant/neuilly-sur-seine-384/le-chalet-neuilly-sur-seine-300447.html";"Le Chalet - Neuilly-sur-Seine";"Bistrot Gourmand";"14, rue du Commandant Pilot, 92200 Neuilly Sur Seine";NA
"http://www.restopolitan.com/en/restaurant/paris-1er-447/les-petits-plats-d-emile-304175.html";"Les Petits Plats d'Emile";"Bistrot Gourmand";"8, rue Jean-Jacques Rousseau, 75001 ,Paris";"48.8622434/2.3401724"
"http://www.restopolitan.com/en/restaurant/clichy-375/door-s-303501.html";"Door's";"Bistrot Gourmand";"2, rue du 8 Mai 1945, 92110 Clichy";"48.8977239/2.3105703"
"http://www.restopolitan.com/en/restaurant/paris-9eme-455/le-lumiere-l-obscur-hotel-scribe-paris-304283.html";"Le Lumière - L'Obscur Hôtel Scribe Paris";"Gastronomic";"1, rue Scribe, 75009 ,Paris";"48.8704636/2.3297136"
"http://www.restopolitan.com/en/restaurant/paris-10eme-456/le-chabrol-300511.html";"Le Chabrol";"French";"52, rue Chabrol, 75010 ,Paris";NA
